--GRAD--
INSERT INTO GRAD (POSTBRG, NAZG) VALUES (78000, 'Banja Luka');
INSERT INTO GRAD (POSTBRG, NAZG) VALUES (76300, 'Bijeljina');
INSERT INTO GRAD (POSTBRG, NAZG) VALUES (78400, 'Gradiška');
INSERT INTO GRAD (POSTBRG, NAZG) VALUES (74400, 'Derventa');
INSERT INTO GRAD (POSTBRG, NAZG) VALUES (74000, 'Doboj');
INSERT INTO GRAD (POSTBRG, NAZG) VALUES (75400, 'Zvornik');
INSERT INTO GRAD (POSTBRG, NAZG) VALUES (71123, 'Istočno Sarajevo');
INSERT INTO GRAD (POSTBRG, NAZG) VALUES (78250, 'Laktaši');
INSERT INTO GRAD (POSTBRG, NAZG) VALUES (79101, 'Prijedor');
INSERT INTO GRAD (POSTBRG, NAZG) VALUES (78430, 'Prnjavor');
INSERT INTO GRAD (POSTBRG, NAZG) VALUES (89101, 'Trebinje');
INSERT INTO GRAD (POSTBRG, NAZG) VALUES (88363, 'Berkovići');
INSERT INTO GRAD (POSTBRG, NAZG) VALUES (89230, 'Bileća');
INSERT INTO GRAD (POSTBRG, NAZG) VALUES (75420, 'Bratunac');
INSERT INTO GRAD (POSTBRG, NAZG) VALUES (74450, 'Brod');
INSERT INTO GRAD (POSTBRG, NAZG) VALUES (73240, 'Višegrad');
INSERT INTO GRAD (POSTBRG, NAZG) VALUES (75440, 'Vlasenica');
INSERT INTO GRAD (POSTBRG, NAZG) VALUES (74470, 'Vukosavlje');
INSERT INTO GRAD (POSTBRG, NAZG) VALUES (89240, 'Gacko');
INSERT INTO GRAD (POSTBRG, NAZG) VALUES (79220, 'Novi Grad');
INSERT INTO GRAD (POSTBRG, NAZG) VALUES (79240, 'Kozarska Dubica');
INSERT INTO GRAD (POSTBRG, NAZG) VALUES (78230, 'Kneževo');
INSERT INTO GRAD (POSTBRG, NAZG) VALUES (79224, 'Kostajnica');
INSERT INTO GRAD (POSTBRG, NAZG) VALUES (78220, 'Kotor Varoš');
INSERT INTO GRAD (POSTBRG, NAZG) VALUES (79227, 'Krupа na Uni');
INSERT INTO GRAD (POSTBRG, NAZG) VALUES (75240, 'Lopare');
INSERT INTO GRAD (POSTBRG, NAZG) VALUES (74480, 'Modriča');
INSERT INTO GRAD (POSTBRG, NAZG) VALUES (70260, 'Mrkonjić Grad');
INSERT INTO GRAD (POSTBRG, NAZG) VALUES (88280, 'Nevesinje');
INSERT INTO GRAD (POSTBRG, NAZG) VALUES (71420, 'Pale');
INSERT INTO GRAD (POSTBRG, NAZG) VALUES (76256, 'Pelagićevo');
INSERT INTO GRAD (POSTBRG, NAZG) VALUES (74317, 'Petrovo');
INSERT INTO GRAD (POSTBRG, NAZG) VALUES (88280, 'Petrovac');
INSERT INTO GRAD (POSTBRG, NAZG) VALUES (73220, 'Rogatica');
INSERT INTO GRAD (POSTBRG, NAZG) VALUES (73260, 'Rudo');
INSERT INTO GRAD (POSTBRG, NAZG) VALUES (78420, 'Srbac');
INSERT INTO GRAD (POSTBRG, NAZG) VALUES (75430, 'Srebrenica');
INSERT INTO GRAD (POSTBRG, NAZG) VALUES (71350, 'Sokolac');
INSERT INTO GRAD (POSTBRG, NAZG) VALUES (74208, 'Stanari');
INSERT INTO GRAD (POSTBRG, NAZG) VALUES (74270, 'Teslić');
INSERT INTO GRAD (POSTBRG, NAZG) VALUES (71220, 'Trnovo');
INSERT INTO GRAD (POSTBRG, NAZG) VALUES (76330, 'Ugljevik');
INSERT INTO GRAD (POSTBRG, NAZG) VALUES (71360, 'Han Pijesak');
INSERT INTO GRAD (POSTBRG, NAZG) VALUES (73280, 'Čajniče');
INSERT INTO GRAD (POSTBRG, NAZG) VALUES (78240, 'Čelinac');
INSERT INTO GRAD (POSTBRG, NAZG) VALUES (76230, 'Šamac');
INSERT INTO GRAD (POSTBRG, NAZG) VALUES (75450, 'Šekovići');
INSERT INTO GRAD (POSTBRG, NAZG) VALUES (70270, 'Šipovo');
INSERT INTO GRAD (POSTBRG, NAZG) VALUES (88389, 'Ljubinje');
INSERT INTO GRAD (POSTBRG, NAZG) VALUES (73300, 'Foča');
INSERT INTO GRAD (POSTBRG, NAZG) VALUES (71230, 'Kalinovik');
INSERT INTO GRAD (POSTBRG, NAZG) VALUES (75446, 'Milići');

--KUD
INSERT INTO KUD(IDKUD, NAZKUD, ADRKUD, GRAD_POSTBRG) VALUES (1, 'GKUD "Alat-SWISSLION"', 'gkudalat@teol.net', 89101);
INSERT INTO KUD(IDKUD, NAZKUD, ADRKUD, GRAD_POSTBRG) VALUES (2, 'KUD "Hercegovac"', 'maja.her@gmail.com', 89101);
INSERT INTO KUD(IDKUD, NAZKUD, ADRKUD, GRAD_POSTBRG) VALUES (3, 'ANIP "V. Maslesa"', 'ckudm.veselin.maslesa@gmail.com', 78000);
INSERT INTO KUD(IDKUD, NAZKUD, ADRKUD, GRAD_POSTBRG) VALUES (4, 'KUD "Cajevac"', 'kudcajevac@gmail.com', 78000);
INSERT INTO KUD(IDKUD, NAZKUD, ADRKUD, GRAD_POSTBRG) VALUES (5, 'KUD "Mladost"', 'cvoromilan@gmial.com', 71420);
INSERT INTO KUD(IDKUD, NAZKUD, ADRKUD, GRAD_POSTBRG) VALUES (6, 'KUDM "Bosiljak"', 'kudmbosiljak@gmail.com', 74400);
INSERT INTO KUD(IDKUD, NAZKUD, ADRKUD, GRAD_POSTBRG) VALUES (7, 'KUD "Piskavica" Piskavica', 'mirko.a@teol.net', 78000);
INSERT INTO KUD(IDKUD, NAZKUD, ADRKUD, GRAD_POSTBRG) VALUES (8, 'ANIP "Mladost" Zaluzani', 'kud_mladost@blic.net', 78000);
INSERT INTO KUD(IDKUD, NAZKUD, ADRKUD, GRAD_POSTBRG) VALUES (9, 'KUD "Kolovit"', 'kolovit@gmail.com', 78400);
INSERT INTO KUD(IDKUD, NAZKUD, ADRKUD, GRAD_POSTBRG) VALUES (10, 'KUD "P. I Karadjordjevic Mrkonjic"', 'kudpetarikaradordevicmrkonjic@gmail.com', 70260);
INSERT INTO KUD(IDKUD, NAZKUD, ADRKUD, GRAD_POSTBRG) VALUES (11, 'KUD "Zagorje" ', 'kudzagorjekalinovik@gmial.com', 71230);
INSERT INTO KUD(IDKUD, NAZKUD, ADRKUD, GRAD_POSTBRG) VALUES (12, 'CKUD "Lepa Radic"', 'ckud.leparadic@yahoo.com', 78400);
INSERT INTO KUD(IDKUD, NAZKUD, ADRKUD, GRAD_POSTBRG) VALUES (13, 'SKUD "Dr. Mladen Stojanovic', 'n.aleksic1962@gmail.com', 79101);
INSERT INTO KUD(IDKUD, NAZKUD, ADRKUD, GRAD_POSTBRG) VALUES (14, 'KUD "Doboj"', 'gkuddoboj@gmail.com', 74000);
INSERT INTO KUD(IDKUD, NAZKUD, ADRKUD, GRAD_POSTBRG) VALUES (15, 'KUD "Una"', 'sinisa_jovanic@hotmail.com', 79220);
INSERT INTO KUD(IDKUD, NAZKUD, ADRKUD, GRAD_POSTBRG) VALUES (16, 'KUD "Milan Egic" Brezicani', 'kudmilanegic@gmail.com', 79101);
INSERT INTO KUD(IDKUD, NAZKUD, ADRKUD, GRAD_POSTBRG) VALUES (17, 'SKUD "Derventa"', 'skudderventa@yahoo.com', 74400);
INSERT INTO KUD(IDKUD, NAZKUD, ADRKUD, GRAD_POSTBRG) VALUES (18, 'KUD "Joco Savic" Ilicka', 'kudilickal@gmail.com', 76101);
INSERT INTO KUD(IDKUD, NAZKUD, ADRKUD, GRAD_POSTBRG) VALUES (19, 'KUD "Milos Kupres" Kozuhe', 'djole69kozuhe@gmail.com', 74000);
INSERT INTO KUD(IDKUD, NAZKUD, ADRKUD, GRAD_POSTBRG) VALUES (20, 'KUD "Sveti Sava"', 'svetisavabl@gmail.com', 78000);
INSERT INTO KUD(IDKUD, NAZKUD, ADRKUD, GRAD_POSTBRG) VALUES (21, 'KUD "Pletenica" Bijeljina', 'kudpletenicabn@gmail.com', 76300);
INSERT INTO KUD(IDKUD, NAZKUD, ADRKUD, GRAD_POSTBRG) VALUES (22, 'KUD "Zoran Tomusilovic" Dugo Polje', 'goranp72@gmail.com', 74480);
INSERT INTO KUD(IDKUD, NAZKUD, ADRKUD, GRAD_POSTBRG) VALUES (23, 'KUD "Krnjin" Grabovica', 'kudkrnjingrabovica2015@gmail.com', 74000);
INSERT INTO KUD(IDKUD, NAZKUD, ADRKUD, GRAD_POSTBRG) VALUES (24, 'KUD "Dusan Stankoivc" Ceceva', 'natasamastilovic1@gmail.com', 74270);
INSERT INTO KUD(IDKUD, NAZKUD, ADRKUD, GRAD_POSTBRG) VALUES (25, 'RKUD "Pelagic"', 'arezina_aleksandra@yahoo.com', 78000);
INSERT INTO KUD(IDKUD, NAZKUD, ADRKUD, GRAD_POSTBRG) VALUES (26, 'OKUD "Petar Kocic" Nova Topola', 'okud.petarkocic@yahoo.com', 78400);
INSERT INTO KUD(IDKUD, NAZKUD, ADRKUD, GRAD_POSTBRG) VALUES (27, 'KUD "Slavija"', 'kudslavija@hotmail.com', 71123);
INSERT INTO KUD(IDKUD, NAZKUD, ADRKUD, GRAD_POSTBRG) VALUES (28, 'KUD "Most" Bratunac', 'mostbratunac@gmail.com', 75420);
INSERT INTO KUD(IDKUD, NAZKUD, ADRKUD, GRAD_POSTBRG) VALUES (29, 'KUD "Potkozarje"', 'kud.potkozarje@hotmail.com', 78000);
INSERT INTO KUD(IDKUD, NAZKUD, ADRKUD, GRAD_POSTBRG) VALUES (30, 'KUD "Djerdan" Laktasi', 'kud.djerdan@gmail.com', 78250);
INSERT INTO KUD(IDKUD, NAZKUD, ADRKUD, GRAD_POSTBRG) VALUES (31, 'KUD "Vez" Teslic', 'drinicmalicd@gmail.com', 74270);
INSERT INTO KUD(IDKUD, NAZKUD, ADRKUD, GRAD_POSTBRG) VALUES (32, 'KUD "Milos Dujic Miso" Celinac', 'milosdujicmiso@gmail.com', 78240);
INSERT INTO KUD(IDKUD, NAZKUD, ADRKUD, GRAD_POSTBRG) VALUES (33, 'GKUD "Pronija"', 'ljsibincic@gmail.com', 78430);
INSERT INTO KUD(IDKUD, NAZKUD, ADRKUD, GRAD_POSTBRG) VALUES (34, 'KUD "Prota Matija Popovic" Milici', 'mlalovic83@gmail.com', 75446);
INSERT INTO KUD(IDKUD, NAZKUD, ADRKUD, GRAD_POSTBRG) VALUES (35, 'KUD "Osjecani"', 'kud.osjecani@hotmail.com', 74000);

--SEKCIJA
INSERT INTO SEKCIJA (IDS, NAZS, TIPS, KUD_IDKUD) VALUES (1, 'Izvodjacki ansambl Alat-Swislion', 'Izvodjacka', 1);
INSERT INTO SEKCIJA (IDS, NAZS, TIPS, KUD_IDKUD) VALUES (2, 'Pripremni ansambl Alat-Swislion', 'Pripremna', 1);
INSERT INTO SEKCIJA (IDS, NAZS, TIPS, KUD_IDKUD) VALUES (3, 'Izvodjacki ansambl Hercegovac', 'Izvodjacka', 2);
INSERT INTO SEKCIJA (IDS, NAZS, TIPS, KUD_IDKUD) VALUES (4, 'Pripremni ansambl Hercegovac', 'Pripremna', 2);
INSERT INTO SEKCIJA (IDS, NAZS, TIPS, KUD_IDKUD) VALUES (5, 'Izvodjacki ansambl V. Maslesa', 'Izvodjacka', 3);
INSERT INTO SEKCIJA (IDS, NAZS, TIPS, KUD_IDKUD) VALUES (6, 'Pripremni ansambl V. Maslesa', 'Pripremna', 3);
INSERT INTO SEKCIJA (IDS, NAZS, TIPS, KUD_IDKUD) VALUES (7, 'Izvodjacki ansambl Cajevac', 'Izvodjacka', 4);
INSERT INTO SEKCIJA (IDS, NAZS, TIPS, KUD_IDKUD) VALUES (8, 'Pripremni ansambl Cajevac', 'Pripremna', 4);
INSERT INTO SEKCIJA (IDS, NAZS, TIPS, KUD_IDKUD) VALUES (9, 'Izvodjacki ansambl Mladost', 'Izvodjacka', 5);
INSERT INTO SEKCIJA (IDS, NAZS, TIPS, KUD_IDKUD) VALUES (10, 'Pripremni ansambl Mladost', 'Pripremna', 5);
INSERT INTO SEKCIJA (IDS, NAZS, TIPS, KUD_IDKUD) VALUES (11, 'Izvodjacki ansambl Bosiljak', 'Izvodjacka', 6);
INSERT INTO SEKCIJA (IDS, NAZS, TIPS, KUD_IDKUD) VALUES (12, 'Pripremni ansambl Bosiljak', 'Pripremna', 6);
INSERT INTO SEKCIJA (IDS, NAZS, TIPS, KUD_IDKUD) VALUES (13, 'Izvodjacki ansambl Piskavica', 'Izvodjacka', 7);
INSERT INTO SEKCIJA (IDS, NAZS, TIPS, KUD_IDKUD) VALUES (14, 'Pripremni ansambl Piskavica', 'Pripremna', 7);
INSERT INTO SEKCIJA (IDS, NAZS, TIPS, KUD_IDKUD) VALUES (15, 'Izvodjacki ansambl Mladost', 'Izvodjacka', 8);
INSERT INTO SEKCIJA (IDS, NAZS, TIPS, KUD_IDKUD) VALUES (16, 'Pripremni ansambl Mladost', 'Pripremna', 8);
INSERT INTO SEKCIJA (IDS, NAZS, TIPS, KUD_IDKUD) VALUES (17, 'Izvodjacki ansambl Kolovit', 'Izvodjacka', 9);
INSERT INTO SEKCIJA (IDS, NAZS, TIPS, KUD_IDKUD) VALUES (18, 'Pripremni ansambl Kolovit', 'Pripremna', 9);
INSERT INTO SEKCIJA (IDS, NAZS, TIPS, KUD_IDKUD) VALUES (19, 'Izvodjacki ansambl P. I Karadjordjevic Mrkonjic', 'Izvodjacka', 10);
INSERT INTO SEKCIJA (IDS, NAZS, TIPS, KUD_IDKUD) VALUES (20, 'Pripremni ansambl P. I Karadjordjevic Mrkonjic', 'Pripremna', 10);
INSERT INTO SEKCIJA (IDS, NAZS, TIPS, KUD_IDKUD) VALUES (21, 'Izvodjacki ansambl Zagorje', 'Izvodjacka', 11);
INSERT INTO SEKCIJA (IDS, NAZS, TIPS, KUD_IDKUD) VALUES (22, 'Pripremni ansambl Zagorje', 'Pripremna', 11);
INSERT INTO SEKCIJA (IDS, NAZS, TIPS, KUD_IDKUD) VALUES (23, 'Izvodjacki ansambl Lepa Radic', 'Izvodjacka', 12);
INSERT INTO SEKCIJA (IDS, NAZS, TIPS, KUD_IDKUD) VALUES (24, 'Pripremni ansambl Lepa Radic', 'Pripremna', 12);
INSERT INTO SEKCIJA (IDS, NAZS, TIPS, KUD_IDKUD) VALUES (25, 'Izvodjacki ansambl Dr. Mladen Stojanovic', 'Izvodjacka', 13);
INSERT INTO SEKCIJA (IDS, NAZS, TIPS, KUD_IDKUD) VALUES (26, 'Pripremni ansambl Dr. Mladen Stojanovic', 'Pripremna', 13);
INSERT INTO SEKCIJA (IDS, NAZS, TIPS, KUD_IDKUD) VALUES (27, 'Izvodjacki ansambl Doboj', 'Izvodjacka', 14);
INSERT INTO SEKCIJA (IDS, NAZS, TIPS, KUD_IDKUD) VALUES (28, 'Pripremni ansambl Doboj', 'Pripremna', 14);
INSERT INTO SEKCIJA (IDS, NAZS, TIPS, KUD_IDKUD) VALUES (29, 'Izvodjacki ansambl Una', 'Izvodjacka', 15);
INSERT INTO SEKCIJA (IDS, NAZS, TIPS, KUD_IDKUD) VALUES (30, 'Pripremni ansambl Una', 'Pripremna', 15);
INSERT INTO SEKCIJA (IDS, NAZS, TIPS, KUD_IDKUD) VALUES (31, 'Izvodjacki ansambl Milan Egic', 'Izvodjacka', 16);
INSERT INTO SEKCIJA (IDS, NAZS, TIPS, KUD_IDKUD) VALUES (32, 'Pripremni ansambl Milan Egic', 'Pripremna', 16);
INSERT INTO SEKCIJA (IDS, NAZS, TIPS, KUD_IDKUD) VALUES (33, 'Izvodjacki ansambl Derventa', 'Izvodjacka', 17);
INSERT INTO SEKCIJA (IDS, NAZS, TIPS, KUD_IDKUD) VALUES (34, 'Pripremni ansambl Derventa', 'Pripremna', 17);
INSERT INTO SEKCIJA (IDS, NAZS, TIPS, KUD_IDKUD) VALUES (35, 'Izvodjacki ansambl Joco Savic', 'Izvodjacka', 18);
INSERT INTO SEKCIJA (IDS, NAZS, TIPS, KUD_IDKUD) VALUES (36, 'Pripremni ansambl Joco Savic', 'Pripremna', 18);
INSERT INTO SEKCIJA (IDS, NAZS, TIPS, KUD_IDKUD) VALUES (37, 'Izvodjacki ansambl Milos Kupres', 'Izvodjacka', 19);
INSERT INTO SEKCIJA (IDS, NAZS, TIPS, KUD_IDKUD) VALUES (38, 'Pocetna grupa Milos Kupres'. 'Pocetna', 19);
INSERT INTO SEKCIJA (IDS, NAZS, TIPS, KUD_IDKUD) VALUES (39, 'Izvodjacki ansambl Sveti Sava', 'Izvodjacka', 20);
INSERT INTO SEKCIJA (IDS, NAZS, TIPS, KUD_IDKUD) VALUES (40, 'Pripremni ansambl Sveti Sava', 'Pripremna', 20);
INSERT INTO SEKCIJA (IDS, NAZS, TIPS, KUD_IDKUD) VALUES (41, 'Rekreativna grupa Sveti Sava', 'Rekreativna', 20);
INSERT INTO SEKCIJA (IDS, NAZS, TIPS, KUD_IDKUD) VALUES (42, 'Skolica folklora Sveti Sava', 'Skolica folklora', 20);
INSERT INTO SEKCIJA (IDS, NAZS, TIPS, KUD_IDKUD) VALUES (43, 'Pocetna grupa Sveti Sava', 'Pocetna', 20);
INSERT INTO SEKCIJA (IDS, NAZS, TIPS, KUD_IDKUD) VALUES (44, 'Izvodjacki ansambl Pletenica', 'Izvodjacka', 21);
INSERT INTO SEKCIJA (IDS, NAZS, TIPS, KUD_IDKUD) VALUES (45, 'Rekreativna grupa Pletenica', 'Rekreativna', 21);
INSERT INTO SEKCIJA (IDS, NAZS, TIPS, KUD_IDKUD) VALUES (46, 'Dečiji ansambl Pletenica', 'Skolica folklora', 21);
INSERT INTO SEKCIJA (IDS, NAZS, TIPS, KUD_IDKUD) VALUES (47, 'Izvodjacki ansambl Zoran Tomusilovic', 'Izvodjacka', 22);
INSERT INTO SEKCIJA (IDS, NAZS, TIPS, KUD_IDKUD) VALUES (48, 'Pripremni ansambl Zoran Tomusilovic', 'Pripremna', 22);
INSERT INTO SEKCIJA (IDS, NAZS, TIPS, KUD_IDKUD) VALUES (49, 'Rekreativna grupa Zoran Tomusilovic', 'Rekreativna', 22);
INSERT INTO SEKCIJA (IDS, NAZS, TIPS, KUD_IDKUD) VALUES (50, 'Skolica folklora Zoran Tomusilovic', 'Skolica folklora', 22);
INSERT INTO SEKCIJA (IDS, NAZS, TIPS, KUD_IDKUD) VALUES (51, 'Izvodjacki ansambl Krnjin', 'Izvodjacka', 23);
INSERT INTO SEKCIJA (IDS, NAZS, TIPS, KUD_IDKUD) VALUES (52, 'Pripremni ansambl Krnjin', 'Pripremna', 23);
INSERT INTO SEKCIJA (IDS, NAZS, TIPS, KUD_IDKUD) VALUES (53, 'Rekreativna grupa Krnjin', 'Rekreativna', 23);
INSERT INTO SEKCIJA (IDS, NAZS, TIPS, KUD_IDKUD) VALUES (54, 'Skolica folklora Krnjin', 'Skolica folklora', 23);
INSERT INTO SEKCIJA (IDS, NAZS, TIPS, KUD_IDKUD) VALUES (55, 'Izvodjacki ansambl Dusan Stankovic', 'Izvodjacka', 24);
INSERT INTO SEKCIJA (IDS, NAZS, TIPS, KUD_IDKUD) VALUES (56, 'Pripremni ansambl Dusan Stankovic', 'Pripremna', 24);
INSERT INTO SEKCIJA (IDS, NAZS, TIPS, KUD_IDKUD) VALUES (57, 'Rekreativna grupa Dusan Stankovic', 'Rekreativna', 24);
INSERT INTO SEKCIJA (IDS, NAZS, TIPS, KUD_IDKUD) VALUES (58, 'Skolica folklora Dusan Stankovic', 'Skolica folklora', 24);
INSERT INTO SEKCIJA (IDS, NAZS, TIPS, KUD_IDKUD) VALUES (59, 'Izvodjacki ansambl Pelagic', 'Izvodjacka', 25);
INSERT INTO SEKCIJA (IDS, NAZS, TIPS, KUD_IDKUD) VALUES (60, 'Pripremni ansambl Pelagic', 'Pripremna', 25);
INSERT INTO SEKCIJA (IDS, NAZS, TIPS, KUD_IDKUD) VALUES (61, 'Rekreativna grupa Pelagic', 'Rekreativna', 25);
INSERT INTO SEKCIJA (IDS, NAZS, TIPS, KUD_IDKUD) VALUES (62, 'Dečiji ansambl Pelagic', 'Pocetna', 25);
INSERT INTO SEKCIJA (IDS, NAZS, TIPS, KUD_IDKUD) VALUES (63, 'Izvodjacki ansambl Petar Kocic Nova Topola', 'Izvodjacka', 26);
INSERT INTO SEKCIJA (IDS, NAZS, TIPS, KUD_IDKUD) VALUES (64, 'Pripremni ansambl Petar Kocic Nova Topola', 'Pripremna', 26);
INSERT INTO SEKCIJA (IDS, NAZS, TIPS, KUD_IDKUD) VALUES (65, 'Rekreativna grupa Petar Kocic Nova Topola', 'Rekreativna', 26);
INSERT INTO SEKCIJA (IDS, NAZS, TIPS, KUD_IDKUD) VALUES (66, 'Skolica folklora Petar Kocic Nova Topola', 'Skolica folklora', 26);
INSERT INTO SEKCIJA (IDS, NAZS, TIPS, KUD_IDKUD) VALUES (67, 'Izvodjacki ansambl Slavija', 'Izvodjacka', 27);
INSERT INTO SEKCIJA (IDS, NAZS, TIPS, KUD_IDKUD) VALUES (68, 'Pripremni ansambl Slavija', 'Pripremna', 27);
INSERT INTO SEKCIJA (IDS, NAZS, TIPS, KUD_IDKUD) VALUES (69, 'Rekreativna grupa Slavija', 'Rekreativna', 27);
INSERT INTO SEKCIJA (IDS, NAZS, TIPS, KUD_IDKUD) VALUES (70, 'Dečiji ansambl Slavija', 'Pocetna', 27);
INSERT INTO SEKCIJA (IDS, NAZS, TIPS, KUD_IDKUD) VALUES (71, 'Izvodjacki ansambl Most Bratunac', 'Izvodjacka', 28);
INSERT INTO SEKCIJA (IDS, NAZS, TIPS, KUD_IDKUD) VALUES (72, 'Pripremni ansambl Most Bratunac', 'Pripremna', 28);
INSERT INTO SEKCIJA (IDS, NAZS, TIPS, KUD_IDKUD) VALUES (73, 'Rekreativna grupa Most Bratunac', 'Rekreativna', 28);
INSERT INTO SEKCIJA (IDS, NAZS, TIPS, KUD_IDKUD) VALUES (74, 'Skolica folklora Most Bratunac', 'Skolica folklora', 28);
INSERT INTO SEKCIJA (IDS, NAZS, TIPS, KUD_IDKUD) VALUES (75, 'Izvodjacki ansambl Potkozarje', 'Izvodjacka', 29);
INSERT INTO SEKCIJA (IDS, NAZS, TIPS, KUD_IDKUD) VALUES (76, 'Pripremni ansambl Potkozarje', 'Pripremna', 29);
INSERT INTO SEKCIJA (IDS, NAZS, TIPS, KUD_IDKUD) VALUES (77, 'Rekreativna grupa Potkozarje', 'Rekreativna', 29);
INSERT INTO SEKCIJA (IDS, NAZS, TIPS, KUD_IDKUD) VALUES (78, 'Skolica folklora Potkozarje', 'Skolica folklora', 29);
INSERT INTO SEKCIJA (IDS, NAZS, TIPS, KUD_IDKUD) VALUES (79, 'Izvodjacki ansambl Djerdan Laktasi', 'Izvodjacka', 30);
INSERT INTO SEKCIJA (IDS, NAZS, TIPS, KUD_IDKUD) VALUES (80, 'Pripremni ansambl Djerdan Laktasi', 'Pripremna', 30);
INSERT INTO SEKCIJA (IDS, NAZS, TIPS, KUD_IDKUD) VALUES (81, 'Rekreativna grupa Djerdan Laktasi', 'Rekreativna', 30);
INSERT INTO SEKCIJA (IDS, NAZS, TIPS, KUD_IDKUD) VALUES (82, 'Dečiji ansambl Djerdan Laktasi', 'Pocetna', 30);
INSERT INTO SEKCIJA (IDS, NAZS, TIPS, KUD_IDKUD) VALUES (83, 'Izvodjacki ansambl Vez Teslic', 'Izvodjacka', 31);
INSERT INTO SEKCIJA (IDS, NAZS, TIPS, KUD_IDKUD) VALUES (84, 'Pripremni ansambl Vez Teslic', 'Pripremna', 31);
INSERT INTO SEKCIJA (IDS, NAZS, TIPS, KUD_IDKUD) VALUES (85, 'Rekreativna grupa Vez Teslic', 'Rekreativna', 31);
INSERT INTO SEKCIJA (IDS, NAZS, TIPS, KUD_IDKUD) VALUES (86, 'Skolica folklora Vez Teslic', 'Skolica folklora', 31);
INSERT INTO SEKCIJA (IDS, NAZS, TIPS, KUD_IDKUD) VALUES (87, 'Izvodjacki ansambl Milos Dujic', 'Izvodjacka', 32);
INSERT INTO SEKCIJA (IDS, NAZS, TIPS, KUD_IDKUD) VALUES (88, 'Pripremni ansambl Milos Dujic', 'Pripremna', 32);
INSERT INTO SEKCIJA (IDS, NAZS, TIPS, KUD_IDKUD) VALUES (89, 'Rekreativna grupa Milos Dujic', 'Rekreativna', 32);
INSERT INTO SEKCIJA (IDS, NAZS, TIPS, KUD_IDKUD) VALUES (90, 'Dečiji ansambl Milos Dujic', 'Pocetna', 32);
INSERT INTO SEKCIJA (IDS, NAZS, TIPS, KUD_IDKUD) VALUES (91, 'Izvodjacki ansambl Pronija', 'Izvodjacka', 33);
INSERT INTO SEKCIJA (IDS, NAZS, TIPS, KUD_IDKUD) VALUES (92, 'Pripremni ansambl Pronija', 'Pripremna', 33);
INSERT INTO SEKCIJA (IDS, NAZS, TIPS, KUD_IDKUD) VALUES (93, 'Rekreativna grupa Pronija', 'Rekreativna', 33);
INSERT INTO SEKCIJA (IDS, NAZS, TIPS, KUD_IDKUD) VALUES (94, 'Skolica folklora Pronija', 'Skolica folklora', 33);
INSERT INTO SEKCIJA (IDS, NAZS, TIPS, KUD_IDKUD) VALUES (95, 'Izvodjacki ansambl Prota Matija Popovic', 'Izvodjacka', 34);
INSERT INTO SEKCIJA (IDS, NAZS, TIPS, KUD_IDKUD) VALUES (96, 'Pripremni ansambl Prota Matija Popovic', 'Pripremna', 34);
INSERT INTO SEKCIJA (IDS, NAZS, TIPS, KUD_IDKUD) VALUES (97, 'Rekreativna grupa Prota Matija Popovic', 'Rekreativna', 34);
INSERT INTO SEKCIJA (IDS, NAZS, TIPS, KUD_IDKUD) VALUES (98, 'Dečiji ansambl Prota Matija Popovic', 'Pocetna', 34);
INSERT INTO SEKCIJA (IDS, NAZS, TIPS, KUD_IDKUD) VALUES (99, 'Izvodjacki ansambl Osjecani', 'Izvodjacka', 35);
INSERT INTO SEKCIJA (IDS, NAZS, TIPS, KUD_IDKUD) VALUES (100, 'Pripremni ansambl Osjecani', 'Pripremna', 35);
INSERT INTO SEKCIJA (IDS, NAZS, TIPS, KUD_IDKUD) VALUES (101, 'Rekreativna grupa Osjecani', 'Rekreativna', 35);
INSERT INTO SEKCIJA (IDS, NAZS, TIPS, KUD_IDKUD) VALUES (102, 'Skolica folklora Osjecani', 'Skolica folklora', 35);

--CLAN
INSERT INTO CLAN (IDC, IMEC, PREZC, JMBGC, BRTELC, DATRODJC, DATUPC, POLC) VALUES (1, 'Marko', 'Petrović', '0101990123456', '0611234567', TO_DATE('1990-01-01', 'YYYY-MM-DD'), TO_DATE('2020-05-10', 'YYYY-MM-DD'), 'Muski');
INSERT INTO CLAN (IDC, IMEC, PREZC, JMBGC, BRTELC, DATRODJC, DATUPC, POLC) VALUES (2, 'Jelena', 'Jovanović', '0202980789456', '0622345678', TO_DATE('1998-02-02', 'YYYY-MM-DD'), TO_DATE('2021-01-15', 'YYYY-MM-DD'), 'Zenski');
INSERT INTO CLAN (IDC, IMEC, PREZC, JMBGC, BRTELC, DATRODJC, DATUPC, POLC) VALUES (3, 'Nikola', 'Nikolić', '0303975342176', '0633456789', TO_DATE('1997-03-03', 'YYYY-MM-DD'), TO_DATE('2017-09-20', 'YYYY-MM-DD'), 'Muski');
INSERT INTO CLAN (IDC, IMEC, PREZC, JMBGC, BRTELC, DATRODJC, DATUPC, POLC) VALUES (4, 'Ana', 'Stanković', '0404995891347', '0644567890', TO_DATE('1995-04-04', 'YYYY-MM-DD'), TO_DATE('2019-11-12', 'YYYY-MM-DD'), 'Zenski');
INSERT INTO CLAN (IDC, IMEC, PREZC, JMBGC, BRTELC, DATRODJC, DATUPC, POLC) VALUES (5, 'Stefan', 'Lukić', '0505993623418', '0655678901', TO_DATE('1993-05-05', 'YYYY-MM-DD'), TO_DATE('2016-06-25', 'YYYY-MM-DD'), 'Muski');
INSERT INTO CLAN (IDC, IMEC, PREZC, JMBGC, BRTELC, DATRODJC, DATUPC, POLC) VALUES (6, 'Milica', 'Marković', '0606991359871', '0666789012', TO_DATE('1991-06-06', 'YYYY-MM-DD'), TO_DATE('2021-07-05', 'YYYY-MM-DD'), 'Zenski');
INSERT INTO CLAN (IDC, IMEC, PREZC, JMBGC, BRTELC, DATRODJC, DATUPC, POLC) VALUES (7, 'Aleksandar', 'Ilić', '0707989548723', '0617890123', TO_DATE('1989-07-07', 'YYYY-MM-DD'), TO_DATE('2023-03-18', 'YYYY-MM-DD'), 'Muski');
INSERT INTO CLAN (IDC, IMEC, PREZC, JMBGC, BRTELC, DATRODJC, DATUPC, POLC) VALUES (8, 'Ivana', 'Živković', '0808992239812', '0628901234', TO_DATE('1992-08-08', 'YYYY-MM-DD'), TO_DATE('2020-12-01', 'YYYY-MM-DD'), 'Zenski');
INSERT INTO CLAN (IDC, IMEC, PREZC, JMBGC, BRTELC, DATRODJC, DATUPC, POLC) VALUES (9, 'Petar', 'Simić', '0909990384795', '0639012345', TO_DATE('1990-09-09', 'YYYY-MM-DD'), TO_DATE('2021-01-17', 'YYYY-MM-DD'), 'Muski');
INSERT INTO CLAN (IDC, IMEC, PREZC, JMBGC, BRTELC, DATRODJC, DATUPC, POLC) VALUES (10, 'Marija', 'Ristić', '1010993234578', '0640123456', TO_DATE('1993-10-10', 'YYYY-MM-DD'), TO_DATE('2022-02-21', 'YYYY-MM-DD'), 'Zenski');
INSERT INTO CLAN (IDC, IMEC, PREZC, JMBGC, BRTELC, DATRODJC, DATUPC, POLC) VALUES (11, 'Vladimir', 'Đorđević', '1111987872341', '0651234567', TO_DATE('1987-11-11', 'YYYY-MM-DD'), TO_DATE('2023-04-04', 'YYYY-MM-DD'), 'Muski');
INSERT INTO CLAN (IDC, IMEC, PREZC, JMBGC, BRTELC, DATRODJC, DATUPC, POLC) VALUES (12, 'Sara', 'Stojanović', '1212979723418', '0662345678', TO_DATE('1979-12-12', 'YYYY-MM-DD'), TO_DATE('2023-06-07', 'YYYY-MM-DD'), 'Zenski');
INSERT INTO CLAN (IDC, IMEC, PREZC, JMBGC, BRTELC, DATRODJC, DATUPC, POLC) VALUES (13, 'Miloš', 'Kovačević', '1301978425679', '0613456789', TO_DATE('1978-01-13', 'YYYY-MM-DD'), TO_DATE('2022-07-15', 'YYYY-MM-DD'), 'Muski');
INSERT INTO CLAN (IDC, IMEC, PREZC, JMBGC, BRTELC, DATRODJC, DATUPC, POLC) VALUES (14, 'Tamara', 'Todorović', '1402976812340', '0624567890', TO_DATE('1976-02-14', 'YYYY-MM-DD'), TO_DATE('2021-08-22', 'YYYY-MM-DD'), 'Zenski');
INSERT INTO CLAN (IDC, IMEC, PREZC, JMBGC, BRTELC, DATRODJC, DATUPC, POLC) VALUES (15, 'Lazar', 'Janković', '1503974698123', '0635678901', TO_DATE('1974-03-15', 'YYYY-MM-DD'), TO_DATE('2012-09-30', 'YYYY-MM-DD'), 'Muski');
INSERT INTO CLAN (IDC, IMEC, PREZC, JMBGC, BRTELC, DATRODJC, DATUPC, POLC) VALUES (16, 'Teodora', 'Pavlović', '1604972984571', '0646789012', TO_DATE('1972-04-16', 'YYYY-MM-DD'), TO_DATE('2012-11-03', 'YYYY-MM-DD'), 'Zenski');
INSERT INTO CLAN (IDC, IMEC, PREZC, JMBGC, BRTELC, DATRODJC, DATUPC, POLC) VALUES (17, 'Filip', 'Milenković', '1705970283645', '0657890123', TO_DATE('1970-05-17', 'YYYY-MM-DD'), TO_DATE('2013-01-11', 'YYYY-MM-DD'), 'Muski');
INSERT INTO CLAN (IDC, IMEC, PREZC, JMBGC, BRTELC, DATRODJC, DATUPC, POLC) VALUES (18, 'Katarina', 'Lazarević', '1806968372918', '0668901234', TO_DATE('1968-06-18', 'YYYY-MM-DD'), TO_DATE('2013-02-14', 'YYYY-MM-DD'), 'Zenski');
INSERT INTO CLAN (IDC, IMEC, PREZC, JMBGC, BRTELC, DATRODJC, DATUPC, POLC) VALUES (19, 'Nemanja', 'Jović', '1907966821347', '0619012345', TO_DATE('1966-07-19', 'YYYY-MM-DD'), TO_DATE('2021-10-20', 'YYYY-MM-DD'), 'Muski');
INSERT INTO CLAN (IDC, IMEC, PREZC, JMBGC, BRTELC, DATRODJC, DATUPC, POLC) VALUES (20, 'Nina', 'Stevanović', '2008964217895', '0620123456', TO_DATE('1964-08-20', 'YYYY-MM-DD'), TO_DATE('2020-09-01', 'YYYY-MM-DD'), 'Zenski');
INSERT INTO CLAN (IDC, IMEC, PREZC, JMBGC, BRTELC, DATRODJC, DATUPC, POLC) VALUES (21, 'Uroš', 'Vasić', '2109962712345', '0631234567', TO_DATE('1962-09-21', 'YYYY-MM-DD'), TO_DATE('2022-03-05', 'YYYY-MM-DD'), 'Muski');
INSERT INTO CLAN (IDC, IMEC, PREZC, JMBGC, BRTELC, DATRODJC, DATUPC, POLC) VALUES (22, 'Milena', 'Mitrović', '2210001923418', '0642345678', TO_DATE('2001-10-22', 'YYYY-MM-DD'), TO_DATE('2021-04-12', 'YYYY-MM-DD'), 'Zenski');
INSERT INTO CLAN (IDC, IMEC, PREZC, JMBGC, BRTELC, DATRODJC, DATUPC, POLC) VALUES (23, 'Đorđe', 'Knežević', '2311999234567', '0653456789', TO_DATE('1999-11-23', 'YYYY-MM-DD'), TO_DATE('2020-08-15', 'YYYY-MM-DD'), 'Muski');
INSERT INTO CLAN (IDC, IMEC, PREZC, JMBGC, BRTELC, DATRODJC, DATUPC, POLC) VALUES (24, 'Sanja', 'Perić', '2412997789123', '0664567890', TO_DATE('1997-12-24', 'YYYY-MM-DD'), TO_DATE('2021-11-17', 'YYYY-MM-DD'), 'Zenski');
INSERT INTO CLAN (IDC, IMEC, PREZC, JMBGC, BRTELC, DATRODJC, DATUPC, POLC) VALUES (25, 'Jovan', 'Marinković', '2501005348976', '0615678901', TO_DATE('2005-01-25', 'YYYY-MM-DD'), TO_DATE('2022-12-01', 'YYYY-MM-DD'), 'Muski');
INSERT INTO CLAN (IDC, IMEC, PREZC, JMBGC, BRTELC, DATRODJC, DATUPC, POLC) VALUES (26, 'Tijana', 'Vuković', '2602003912340', '0626789012', TO_DATE('2003-02-26', 'YYYY-MM-DD'), TO_DATE('2020-05-09', 'YYYY-MM-DD'), 'Zenski');
INSERT INTO CLAN (IDC, IMEC, PREZC, JMBGC, BRTELC, DATRODJC, DATUPC, POLC) VALUES (27, 'Bogdan', 'Milić', '2703001234987', '0637890123', TO_DATE('2001-03-27', 'YYYY-MM-DD'), TO_DATE('2021-06-18', 'YYYY-MM-DD')), 'Muski';
INSERT INTO CLAN (IDC, IMEC, PREZC, JMBGC, BRTELC, DATRODJC, DATUPC, POLC) VALUES (28, 'Jasmina', 'Blagojević', '2804009678345', '0648901234', TO_DATE('2009-04-28', 'YYYY-MM-DD'), TO_DATE('2022-01-01', 'YYYY-MM-DD'), 'Zenski');
INSERT INTO CLAN (IDC, IMEC, PREZC, JMBGC, BRTELC, DATRODJC, DATUPC, POLC) VALUES (29, 'Nikolina', 'Gajić', '2905996812374', '0659012345', TO_DATE('1996-05-29', 'YYYY-MM-DD'), TO_DATE('2023-07-13', 'YYYY-MM-DD'), 'Zenski' );
INSERT INTO CLAN (IDC, IMEC, PREZC, JMBGC, BRTELC, DATRODJC, DATUPC, POLC) VALUES (30, 'Željko', 'Antić', '3006002834567', '0660123456', TO_DATE('2002-06-30', 'YYYY-MM-DD'), TO_DATE('2022-08-25', 'YYYY-MM-DD'), 'Muski');
INSERT INTO CLAN (IDC, IMEC, PREZC, JMBGC, BRTELC, DATRODJC, DATUPC, POLC) VALUES (31, 'Vesna', 'Kostić', '3107003723189', '0611234567', TO_DATE('2003-07-31', 'YYYY-MM-DD'), TO_DATE('2023-09-05', 'YYYY-MM-DD'), 'Zenski');
INSERT INTO CLAN (IDC, IMEC, PREZC, JMBGC, BRTELC, DATRODJC, DATUPC, POLC) VALUES (32, 'Damir', 'Božić', '0108001678910', '0622345678', TO_DATE('2001-08-01', 'YYYY-MM-DD'), TO_DATE('2022-10-11', 'YYYY-MM-DD'), 'Muski');
INSERT INTO CLAN (IDC, IMEC, PREZC, JMBGC, BRTELC, DATRODJC, DATUPC, POLC) VALUES (33, 'Marina', 'Stanisavljević', '0309999567891', '0633456789', TO_DATE('1999-09-03', 'YYYY-MM-DD'), TO_DATE('2023-11-20', 'YYYY-MM-DD'), 'Zenski');
INSERT INTO CLAN (IDC, IMEC, PREZC, JMBGC, BRTELC, DATRODJC, DATUPC, POLC) VALUES (34, 'Aleksa', 'Mirković', '0410007456721', '0644567890', TO_DATE('2007-10-04', 'YYYY-MM-DD'), TO_DATE('2021-12-25', 'YYYY-MM-DD'), 'Muski');
INSERT INTO CLAN (IDC, IMEC, PREZC, JMBGC, BRTELC, DATRODJC, DATUPC, POLC) VALUES (35, 'Nevena', 'Radovanović', '0511989345789', '0655678901', TO_DATE('1989-11-05', 'YYYY-MM-DD'), TO_DATE('2022-04-08', 'YYYY-MM-DD'), 'Zenski');
INSERT INTO CLAN (IDC, IMEC, PREZC, JMBGC, BRTELC, DATRODJC, DATUPC, POLC) VALUES (36, 'Ognjen', 'Manojlović', '0612003289345', '0666789012', TO_DATE('2003-12-06', 'YYYY-MM-DD'), TO_DATE('2022-06-14', 'YYYY-MM-DD'), 'Muski');
INSERT INTO CLAN (IDC, IMEC, PREZC, JMBGC, BRTELC, DATRODJC, DATUPC, POLC) VALUES (37, 'Biljana', 'Obradović', '0703998876543', '0617890123', TO_DATE('1998-03-07', 'YYYY-MM-DD'), TO_DATE('2023-03-21', 'YYYY-MM-DD'), 'Zenski');
INSERT INTO CLAN (IDC, IMEC, PREZC, JMBGC, BRTELC, DATRODJC, DATUPC, POLC) VALUES (38, 'Vanja', 'Dimitrijević', '0804995765432', '0628901234', TO_DATE('1995-04-08', 'YYYY-MM-DD'), TO_DATE('2023-07-27', 'YYYY-MM-DD'), 'Zenski');
INSERT INTO CLAN (IDC, IMEC, PREZC, JMBGC, BRTELC, DATRODJC, DATUPC, POLC) VALUES (39, 'Bojan', 'Vukadinović', '0905008654321', '0639012345', TO_DATE('2008-05-09', 'YYYY-MM-DD'), TO_DATE('2022-09-10', 'YYYY-MM-DD'), 'Muski');
INSERT INTO CLAN (IDC, IMEC, PREZC, JMBGC, BRTELC, DATRODJC, DATUPC, POLC) VALUES (40, 'Slavica', 'Milutinović', '1006006543210', '0640123456', TO_DATE('2006-06-10', 'YYYY-MM-DD'), TO_DATE('2021-01-31', 'YYYY-MM-DD'), 'Zenski');
INSERT INTO CLAN (IDC, IMEC, PREZC, JMBGC, BRTELC, DATRODJC, DATUPC, POLC) VALUES (41, 'Radovan', 'Rakić', '1107003432109', '0651234567', TO_DATE('2003-07-11', 'YYYY-MM-DD'), TO_DATE('2020-02-02', 'YYYY-MM-DD'), 'Muski');
INSERT INTO CLAN (IDC, IMEC, PREZC, JMBGC, BRTELC, DATRODJC, DATUPC, POLC) VALUES (42, 'Lidija', 'Vidić', '1208997321098', '0662345678', TO_DATE('1997-08-12', 'YYYY-MM-DD'), TO_DATE('2021-03-03', 'YYYY-MM-DD'), 'Zenski');
INSERT INTO CLAN (IDC, IMEC, PREZC, JMBGC, BRTELC, DATRODJC, DATUPC, POLC) VALUES (43, 'Goran', 'Savić', '1309009210987', '0613456789', TO_DATE('2009-09-13', 'YYYY-MM-DD'), TO_DATE('2022-05-05', 'YYYY-MM-DD'), 'Muski');
INSERT INTO CLAN (IDC, IMEC, PREZC, JMBGC, BRTELC, DATRODJC, DATUPC, POLC) VALUES (44, 'Danijela', 'Radenković', '1410007109876', '0624567890', TO_DATE('2007-10-14', 'YYYY-MM-DD'), TO_DATE('2021-07-07', 'YYYY-MM-DD'));
INSERT INTO CLAN (IDC, IMEC, PREZC, JMBGC, BRTELC, DATRODJC, DATUPC, POLC) VALUES (45, 'Dragan', 'Pantić', '1511005098765', '0635678901', TO_DATE('2005-11-15', 'YYYY-MM-DD'), TO_DATE('2022-10-10', 'YYYY-MM-DD'), 'Muski');
INSERT INTO CLAN (IDC, IMEC, PREZC, JMBGC, BRTELC, DATRODJC, DATUPC, POLC) VALUES (46, 'Zorica', 'Stojčić', '1612003987654', '0646789012', TO_DATE('2003-12-16', 'YYYY-MM-DD'), TO_DATE('2023-01-01', 'YYYY-MM-DD'), 'Zenski');
INSERT INTO CLAN (IDC, IMEC, PREZC, JMBGC, BRTELC, DATRODJC, DATUPC, POLC) VALUES (47, 'Mladen', 'Andrić', '1703010876543', '0657890123', TO_DATE('2010-03-17', 'YYYY-MM-DD'), TO_DATE('2024-03-03', 'YYYY-MM-DD'), 'Muski');
INSERT INTO CLAN (IDC, IMEC, PREZC, JMBGC, BRTELC, DATRODJC, DATUPC, POLC) VALUES (48, 'Vera', 'Zdravković', '1804009765432', '0668901234', TO_DATE('2009-04-18', 'YYYY-MM-DD'), TO_DATE('2021-04-04', 'YYYY-MM-DD'), 'Zenski');
INSERT INTO CLAN (IDC, IMEC, PREZC, JMBGC, BRTELC, DATRODJC, DATUPC, POLC) VALUES (49, 'Mirko', 'Čolić', '1905007654321', '0619012345', TO_DATE('2007-05-19', 'YYYY-MM-DD'), TO_DATE('2022-06-06', 'YYYY-MM-DD'), 'Muski');
INSERT INTO CLAN (IDC, IMEC, PREZC, JMBGC, BRTELC, DATRODJC, DATUPC, POLC) VALUES (50, 'Slobodan', 'Rodić', '2006995543210', '0620123456', TO_DATE('1995-06-20', 'YYYY-MM-DD'), TO_DATE('2023-08-08', 'YYYY-MM-DD'), 'Muski');
--KOREOGRAFIJA
INSERT INTO KOREOGRAFIJA (IDK, NAZK, KREK, TRK) VALUES (1, 'Tamo daleko', 'Stanislav Binički', 5.5);
INSERT INTO KOREOGRAFIJA (IDK, NAZK, KREK, TRK) VALUES (2, 'Čačak', 'Radoje Domanović', 4.0);
INSERT INTO KOREOGRAFIJA (IDK, NAZK, KREK, TRK) VALUES (3, 'Kolo', 'Dušan Pavićević', 5.0);
INSERT INTO KOREOGRAFIJA (IDK, NAZK, KREK, TRK) VALUES (4, 'Moravac', 'Ljubomir Gajić', 4.5);
INSERT INTO KOREOGRAFIJA (IDK, NAZK, KREK, TRK) VALUES (5, 'Užičko kolo', 'Predrag Vasić', 4.5);
INSERT INTO KOREOGRAFIJA (IDK, NAZK, KREK, TRK) VALUES (6, 'Vojvodina', 'Slavko Mandić', 7.0);
INSERT INTO KOREOGRAFIJA (IDK, NAZK, KREK, TRK) VALUES (7, 'Svadba', 'Aleksandar Pajić', 7.8);
INSERT INTO KOREOGRAFIJA (IDK, NAZK, KREK, TRK) VALUES (8, 'Timočko kolo', 'Dragan Savić', 4.2);
INSERT INTO KOREOGRAFIJA (IDK, NAZK, KREK, TRK) VALUES (9, 'Vranje', 'Jovan Simić', 7.3);
INSERT INTO KOREOGRAFIJA (IDK, NAZK, KREK, TRK) VALUES (10, 'Kopaonik', 'Nenad Kostić', 5.0);
INSERT INTO KOREOGRAFIJA (IDK, NAZK, KREK, TRK) VALUES (11, 'Kosovo', 'Vojislav Živanović', 8.8);
INSERT INTO KOREOGRAFIJA (IDK, NAZK, KREK, TRK) VALUES (12, 'Srem', 'Radmila Milenić', 6.0);
INSERT INTO KOREOGRAFIJA (IDK, NAZK, KREK, TRK) VALUES (13, 'Igre iz Raške', 'Milenko Savić', 7.4);
INSERT INTO KOREOGRAFIJA (IDK, NAZK, KREK, TRK) VALUES (14, 'Banat', 'Zdravko Pajić', 5.2);
INSERT INTO KOREOGRAFIJA (IDK, NAZK, KREK, TRK) VALUES (15, 'Boka Kotorska', 'Vlastimir Cuca Sokić', 5.7);
INSERT INTO KOREOGRAFIJA (IDK, NAZK, KREK, TRK) VALUES (16, 'Crna Gora', 'Milivoje Simić', 6.3);
INSERT INTO KOREOGRAFIJA (IDK, NAZK, KREK, TRK) VALUES (17, 'Vranje i Pčinja', 'Violeta Lazić', 3.9);
INSERT INTO KOREOGRAFIJA (IDK, NAZK, KREK, TRK) VALUES (18, 'Guslarsko kolo', 'Zoran Marković', 5.0);
INSERT INTO KOREOGRAFIJA (IDK, NAZK, KREK, TRK) VALUES (19, 'Srem i Mačva', 'Ljubomir Milić', 4.6);
INSERT INTO KOREOGRAFIJA (IDK, NAZK, KREK, TRK) VALUES (20, 'Timok', 'Bogdan Džambazović', 4.3);
INSERT INTO KOREOGRAFIJA (IDK, NAZK, KREK, TRK) VALUES (21, 'Sarajevsko polje', 'Bogdan Džambazović', 6.3);

--NOSNJA
INSERT INTO NOSNJA (IDN, NAZN, TIPN) VALUES (1, 'Srpska vojnicka nosnja 1. par ', 'Muska');
INSERT INTO NOSNJA (IDN, NAZN, TIPN) VALUES (2, 'Srpska vojnicka nosnja 2. par ', 'Muska');
INSERT INTO NOSNJA (IDN, NAZN, TIPN) VALUES (3, 'Srpska vojnicka nosnja 3. par ', 'Muska');
INSERT INTO NOSNJA (IDN, NAZN, TIPN) VALUES (4, 'Srpska vojnicka nosnja 4. par ', 'Muska');
INSERT INTO NOSNJA (IDN, NAZN, TIPN) VALUES (5, 'Srpska vojnicka nosnja 5. par ', 'Muska');
INSERT INTO NOSNJA (IDN, NAZN, TIPN) VALUES (6, 'Srpska vojnicka nosnja 6. par ', 'Muska');
INSERT INTO NOSNJA (IDN, NAZN, TIPN) VALUES (7, 'Srpska vojnicka nosnja 7. par ', 'Muska');
INSERT INTO NOSNJA (IDN, NAZN, TIPN) VALUES (8, 'Srpska vojnicka nosnja 8. par ', 'Muska');
INSERT INTO NOSNJA (IDN, NAZN, TIPN) VALUES (9, 'Srpska vojnicka nosnja 9. par ', 'Muska');
INSERT INTO NOSNJA (IDN, NAZN, TIPN) VALUES (10, 'Srpska vojnicka nosnja 10. par ', 'Muska');
INSERT INTO NOSNJA (IDN, NAZN, TIPN) VALUES (11, 'Srpska vojnicka nosnja 11. par ', 'Muska');
INSERT INTO NOSNJA (IDN, NAZN, TIPN) VALUES (12, 'Srpska vojnicka nosnja 12. par ', 'Muska');
INSERT INTO NOSNJA (IDN, NAZN, TIPN) VALUES (13, 'Sumadijska nosnja 1. par ', 'Muska');
INSERT INTO NOSNJA (IDN, NAZN, TIPN) VALUES (14, 'Sumadijska nosnja 2. par ', 'Muska');
INSERT INTO NOSNJA (IDN, NAZN, TIPN) VALUES (15, 'Sumadijska nosnja 3. par ', 'Muska');
INSERT INTO NOSNJA (IDN, NAZN, TIPN) VALUES (16, 'Sumadijska nosnja 4. par ', 'Muska');
INSERT INTO NOSNJA (IDN, NAZN, TIPN) VALUES (17, 'Sumadijska nosnja 5. par ', 'Muska');
INSERT INTO NOSNJA (IDN, NAZN, TIPN) VALUES (18, 'Sumadijska nosnja 6. par ', 'Muska');
INSERT INTO NOSNJA (IDN, NAZN, TIPN) VALUES (19, 'Sumadijska nosnja 7. par ', 'Muska');
INSERT INTO NOSNJA (IDN, NAZN, TIPN) VALUES (20, 'Sumadijska nosnja 8. par ', 'Muska');
INSERT INTO NOSNJA (IDN, NAZN, TIPN) VALUES (21, 'Sumadijska nosnja 9. par ', 'Muska');
INSERT INTO NOSNJA (IDN, NAZN, TIPN) VALUES (22, 'Sumadijska nosnja 10. par ', 'Muska');
INSERT INTO NOSNJA (IDN, NAZN, TIPN) VALUES (23, 'Sumadijska nosnja 11. par ', 'Muska');
INSERT INTO NOSNJA (IDN, NAZN, TIPN) VALUES (24, 'Sumadijska nosnja 12. par ', 'Muska');
INSERT INTO NOSNJA (IDN, NAZN, TIPN) VALUES (25, 'Sumadijska nosnja 1. par ', 'Zenska');
INSERT INTO NOSNJA (IDN, NAZN, TIPN) VALUES (26, 'Sumadijska nosnja 2. par ', 'Zenska');
INSERT INTO NOSNJA (IDN, NAZN, TIPN) VALUES (27, 'Sumadijska nosnja 3. par ', 'Zenska');
INSERT INTO NOSNJA (IDN, NAZN, TIPN) VALUES (28, 'Sumadijska nosnja 4. par ', 'Zenska');
INSERT INTO NOSNJA (IDN, NAZN, TIPN) VALUES (29, 'Sumadijska nosnja 5. par ', 'Zenska');
INSERT INTO NOSNJA (IDN, NAZN, TIPN) VALUES (30, 'Sumadijska nosnja 6. par ', 'Zenska');
INSERT INTO NOSNJA (IDN, NAZN, TIPN) VALUES (31, 'Sumadijska nosnja 7. par ', 'Zenska');
INSERT INTO NOSNJA (IDN, NAZN, TIPN) VALUES (32, 'Sumadijska nosnja 8. par ', 'Zenska');
INSERT INTO NOSNJA (IDN, NAZN, TIPN) VALUES (33, 'Sumadijska nosnja 9. par ', 'Zenska');
INSERT INTO NOSNJA (IDN, NAZN, TIPN) VALUES (34, 'Sumadijska nosnja 10. par ', 'Zenska');
INSERT INTO NOSNJA (IDN, NAZN, TIPN) VALUES (35, 'Sumadijska nosnja 11. par ', 'Zenska');
INSERT INTO NOSNJA (IDN, NAZN, TIPN) VALUES (36, 'Sumadijska nosnja 12. par ', 'Zenska');
INSERT INTO NOSNJA (IDN, NAZN, TIPN) VALUES (37, 'Opsta srpska nosnja 1. par ', 'Muska');
INSERT INTO NOSNJA (IDN, NAZN, TIPN) VALUES (38, 'Opsta srpska nosnja 2. par ', 'Muska');
INSERT INTO NOSNJA (IDN, NAZN, TIPN) VALUES (39, 'Opsta srpska nosnja 3. par ', 'Muska');
INSERT INTO NOSNJA (IDN, NAZN, TIPN) VALUES (40, 'Opsta srpska nosnja 4. par ', 'Muska');
INSERT INTO NOSNJA (IDN, NAZN, TIPN) VALUES (41, 'Opsta srpska nosnja 5. par ', 'Muska');
INSERT INTO NOSNJA (IDN, NAZN, TIPN) VALUES (42, 'Opsta srpska nosnja 6. par ', 'Muska');
INSERT INTO NOSNJA (IDN, NAZN, TIPN) VALUES (43, 'Opsta srpska nosnja 7. par ', 'Muska');
INSERT INTO NOSNJA (IDN, NAZN, TIPN) VALUES (44, 'Opsta srpska nosnja 8. par ', 'Muska');
INSERT INTO NOSNJA (IDN, NAZN, TIPN) VALUES (45, 'Opsta srpska nosnja 9. par ', 'Muska');
INSERT INTO NOSNJA (IDN, NAZN, TIPN) VALUES (46, 'Opsta srpska nosnja 10. par ', 'Muska');
INSERT INTO NOSNJA (IDN, NAZN, TIPN) VALUES (47, 'Opsta srpska nosnja 11. par ', 'Muska');
INSERT INTO NOSNJA (IDN, NAZN, TIPN) VALUES (48, 'Opsta srpska nosnja 12. par ', 'Muska');
INSERT INTO NOSNJA (IDN, NAZN, TIPN) VALUES (49, 'Opsta srpska nosnja 1. par ', 'Zenska');
INSERT INTO NOSNJA (IDN, NAZN, TIPN) VALUES (50, 'Opsta srpska nosnja 2. par ', 'Zenska');
INSERT INTO NOSNJA (IDN, NAZN, TIPN) VALUES (51, 'Opsta srpska nosnja 3. par ', 'Zenska');
INSERT INTO NOSNJA (IDN, NAZN, TIPN) VALUES (52, 'Opsta srpska nosnja 4. par ', 'Zenska');
INSERT INTO NOSNJA (IDN, NAZN, TIPN) VALUES (53, 'Opsta srpska nosnja 5. par ', 'Zenska');
INSERT INTO NOSNJA (IDN, NAZN, TIPN) VALUES (54, 'Opsta srpska nosnja 6. par ', 'Zenska');
INSERT INTO NOSNJA (IDN, NAZN, TIPN) VALUES (55, 'Opsta srpska nosnja 7. par ', 'Zenska');
INSERT INTO NOSNJA (IDN, NAZN, TIPN) VALUES (56, 'Opsta srpska nosnja 8. par ', 'Zenska');
INSERT INTO NOSNJA (IDN, NAZN, TIPN) VALUES (57, 'Opsta srpska nosnja 9. par ', 'Zenska');
INSERT INTO NOSNJA (IDN, NAZN, TIPN) VALUES (58, 'Opsta srpska nosnja 10. par ', 'Zenska');
INSERT INTO NOSNJA (IDN, NAZN, TIPN) VALUES (59, 'Opsta srpska nosnja 11. par ', 'Zenska');
INSERT INTO NOSNJA (IDN, NAZN, TIPN) VALUES (60, 'Opsta srpska nosnja 12. par ', 'Zenska');
INSERT INTO NOSNJA (IDN, NAZN, TIPN) VALUES (61, 'Moravska nosnja 1. par ', 'Muska');
INSERT INTO NOSNJA (IDN, NAZN, TIPN) VALUES (62, 'Moravska nosnja 2. par ', 'Muska');
INSERT INTO NOSNJA (IDN, NAZN, TIPN) VALUES (63, 'Moravska nosnja 3. par ', 'Muska');
INSERT INTO NOSNJA (IDN, NAZN, TIPN) VALUES (64, 'Moravska nosnja 4. par ', 'Muska');
INSERT INTO NOSNJA (IDN, NAZN, TIPN) VALUES (65, 'Moravska nosnja 5. par ', 'Muska');
INSERT INTO NOSNJA (IDN, NAZN, TIPN) VALUES (66, 'Moravska nosnja 6. par ', 'Muska');
INSERT INTO NOSNJA (IDN, NAZN, TIPN) VALUES (67, 'Moravska nosnja 7. par ', 'Muska');
INSERT INTO NOSNJA (IDN, NAZN, TIPN) VALUES (68, 'Moravska nosnja 8. par ', 'Muska');
INSERT INTO NOSNJA (IDN, NAZN, TIPN) VALUES (69, 'Moravska nosnja 9. par ', 'Muska');
INSERT INTO NOSNJA (IDN, NAZN, TIPN) VALUES (70, 'Moravska nosnja 10. par ', 'Muska');
INSERT INTO NOSNJA (IDN, NAZN, TIPN) VALUES (71, 'Moravska nosnja 11. par ', 'Muska');
INSERT INTO NOSNJA (IDN, NAZN, TIPN) VALUES (72, 'Moravska nosnja 12. par ', 'Muska');
INSERT INTO NOSNJA (IDN, NAZN, TIPN) VALUES (73, 'Moravska nosnja 1. par ', 'Zenska');
INSERT INTO NOSNJA (IDN, NAZN, TIPN) VALUES (74, 'Moravska nosnja 2. par ', 'Zenska');
INSERT INTO NOSNJA (IDN, NAZN, TIPN) VALUES (75, 'Moravska nosnja 3. par ', 'Zenska');
INSERT INTO NOSNJA (IDN, NAZN, TIPN) VALUES (76, 'Moravska nosnja 4. par ', 'Zenska');
INSERT INTO NOSNJA (IDN, NAZN, TIPN) VALUES (77, 'Moravska nosnja 5. par ', 'Zenska');
INSERT INTO NOSNJA (IDN, NAZN, TIPN) VALUES (78, 'Moravska nosnja 6. par ', 'Zenska');
INSERT INTO NOSNJA (IDN, NAZN, TIPN) VALUES (79, 'Moravska nosnja 7. par ', 'Zenska');
INSERT INTO NOSNJA (IDN, NAZN, TIPN) VALUES (80, 'Moravska nosnja 8. par ', 'Zenska');
INSERT INTO NOSNJA (IDN, NAZN, TIPN) VALUES (81, 'Moravska nosnja 9. par ', 'Zenska');
INSERT INTO NOSNJA (IDN, NAZN, TIPN) VALUES (82, 'Moravska nosnja 10. par ', 'Zenska');
INSERT INTO NOSNJA (IDN, NAZN, TIPN) VALUES (83, 'Moravska nosnja 11. par ', 'Zenska');
INSERT INTO NOSNJA (IDN, NAZN, TIPN) VALUES (84, 'Moravska nosnja 12. par ', 'Zenska');
INSERT INTO NOSNJA (IDN, NAZN, TIPN) VALUES (85, 'Zlatiborska nosnja 1. par ', 'Muska');
INSERT INTO NOSNJA (IDN, NAZN, TIPN) VALUES (86, 'Zlatiborska nosnja 2. par ', 'Muska');
INSERT INTO NOSNJA (IDN, NAZN, TIPN) VALUES (87, 'Zlatiborska nosnja 3. par ', 'Muska');
INSERT INTO NOSNJA (IDN, NAZN, TIPN) VALUES (88, 'Zlatiborska nosnja 4. par ', 'Muska');
INSERT INTO NOSNJA (IDN, NAZN, TIPN) VALUES (89, 'Zlatiborska nosnja 5. par ', 'Muska');
INSERT INTO NOSNJA (IDN, NAZN, TIPN) VALUES (90, 'Zlatiborska nosnja 6. par ', 'Muska');
INSERT INTO NOSNJA (IDN, NAZN, TIPN) VALUES (91, 'Zlatiborska nosnja 7. par ', 'Muska');
INSERT INTO NOSNJA (IDN, NAZN, TIPN) VALUES (92, 'Zlatiborska nosnja 8. par ', 'Muska');
INSERT INTO NOSNJA (IDN, NAZN, TIPN) VALUES (93, 'Zlatiborska nosnja 9. par ', 'Muska');
INSERT INTO NOSNJA (IDN, NAZN, TIPN) VALUES (94, 'Zlatiborska nosnja 10. par ', 'Muska');
INSERT INTO NOSNJA (IDN, NAZN, TIPN) VALUES (95, 'Zlatiborska nosnja 11. par ', 'Muska');
INSERT INTO NOSNJA (IDN, NAZN, TIPN) VALUES (96, 'Zlatiborska nosnja 12. par ', 'Muska');
INSERT INTO NOSNJA (IDN, NAZN, TIPN) VALUES (97, 'Zlatiborska nosnja 1. par ', 'Zenska');
INSERT INTO NOSNJA (IDN, NAZN, TIPN) VALUES (98, 'Zlatiborska nosnja 2. par ', 'Zenska');
INSERT INTO NOSNJA (IDN, NAZN, TIPN) VALUES (99, 'Zlatiborska nosnja 3. par ', 'Zenska');
INSERT INTO NOSNJA (IDN, NAZN, TIPN) VALUES (100, 'Zlatiborska nosnja 4. par ', 'Zenska');
INSERT INTO NOSNJA (IDN, NAZN, TIPN) VALUES (101, 'Zlatiborska nosnja 5. par ', 'Zenska');
INSERT INTO NOSNJA (IDN, NAZN, TIPN) VALUES (102, 'Zlatiborska nosnja 6. par ', 'Zenska');
INSERT INTO NOSNJA (IDN, NAZN, TIPN) VALUES (103, 'Zlatiborska nosnja 7. par ', 'Zenska');
INSERT INTO NOSNJA (IDN, NAZN, TIPN) VALUES (104, 'Zlatiborska nosnja 8. par ', 'Zenska');
INSERT INTO NOSNJA (IDN, NAZN, TIPN) VALUES (105, 'Zlatiborska nosnja 9. par ', 'Zenska');
INSERT INTO NOSNJA (IDN, NAZN, TIPN) VALUES (106, 'Zlatiborska nosnja 10. par ', 'Zenska');
INSERT INTO NOSNJA (IDN, NAZN, TIPN) VALUES (107, 'Zlatiborska nosnja 11. par ', 'Zenska');
INSERT INTO NOSNJA (IDN, NAZN, TIPN) VALUES (108, 'Zlatiborska nosnja 12. par ', 'Zenska');
INSERT INTO NOSNJA (IDN, NAZN, TIPN) VALUES (109, 'Vojvodjanska nosnja 1. par ', 'Muska');
INSERT INTO NOSNJA (IDN, NAZN, TIPN) VALUES (110, 'Vojvodjanska nosnja 2. par ', 'Muska');
INSERT INTO NOSNJA (IDN, NAZN, TIPN) VALUES (111, 'Vojvodjanska nosnja 3. par ', 'Muska');
INSERT INTO NOSNJA (IDN, NAZN, TIPN) VALUES (112, 'Vojvodjanska nosnja 4. par ', 'Muska');
INSERT INTO NOSNJA (IDN, NAZN, TIPN) VALUES (113, 'Vojvodjanska nosnja 5. par ', 'Muska');
INSERT INTO NOSNJA (IDN, NAZN, TIPN) VALUES (114, 'Vojvodjanska nosnja 6. par ', 'Muska');
INSERT INTO NOSNJA (IDN, NAZN, TIPN) VALUES (115, 'Vojvodjanska nosnja 7. par ', 'Muska');
INSERT INTO NOSNJA (IDN, NAZN, TIPN) VALUES (116, 'Vojvodjanska nosnja 8. par ', 'Muska');
INSERT INTO NOSNJA (IDN, NAZN, TIPN) VALUES (117, 'Vojvodjanska nosnja 9. par ', 'Muska');
INSERT INTO NOSNJA (IDN, NAZN, TIPN) VALUES (118, 'Vojvodjanska nosnja 10. par ', 'Muska');
INSERT INTO NOSNJA (IDN, NAZN, TIPN) VALUES (119, 'Vojvodjanska nosnja 11. par ', 'Muska');
INSERT INTO NOSNJA (IDN, NAZN, TIPN) VALUES (120, 'Vojvodjanska nosnja 12. par ', 'Muska');
INSERT INTO NOSNJA (IDN, NAZN, TIPN) VALUES (121, 'Vojvodjanska nosnja 1. par ', 'Zenska');
INSERT INTO NOSNJA (IDN, NAZN, TIPN) VALUES (122, 'Vojvodjanska nosnja 2. par ', 'Zenska');
INSERT INTO NOSNJA (IDN, NAZN, TIPN) VALUES (123, 'Vojvodjanska nosnja 3. par ', 'Zenska');
INSERT INTO NOSNJA (IDN, NAZN, TIPN) VALUES (124, 'Vojvodjanska nosnja 4. par ', 'Zenska');
INSERT INTO NOSNJA (IDN, NAZN, TIPN) VALUES (125, 'Vojvodjanska nosnja 5. par ', 'Zenska');
INSERT INTO NOSNJA (IDN, NAZN, TIPN) VALUES (126, 'Vojvodjanska nosnja 6. par ', 'Zenska');
INSERT INTO NOSNJA (IDN, NAZN, TIPN) VALUES (127, 'Vojvodjanska nosnja 7. par ', 'Zenska');
INSERT INTO NOSNJA (IDN, NAZN, TIPN) VALUES (128, 'Vojvodjanska nosnja 8. par ', 'Zenska');
INSERT INTO NOSNJA (IDN, NAZN, TIPN) VALUES (129, 'Vojvodjanska nosnja 9. par ', 'Zenska');
INSERT INTO NOSNJA (IDN, NAZN, TIPN) VALUES (130, 'Vojvodjanska nosnja 10. par ', 'Zenska');
INSERT INTO NOSNJA (IDN, NAZN, TIPN) VALUES (131, 'Vojvodjanska nosnja 11. par ', 'Zenska');
INSERT INTO NOSNJA (IDN, NAZN, TIPN) VALUES (132, 'Vojvodjanska nosnja 12. par ', 'Zenska');
INSERT INTO NOSNJA (IDN, NAZN, TIPN) VALUES (133, 'Svadbarska nosnja 1. par ', 'Muska');
INSERT INTO NOSNJA (IDN, NAZN, TIPN) VALUES (134, 'Svadbarska nosnja 2. par ', 'Muska');
INSERT INTO NOSNJA (IDN, NAZN, TIPN) VALUES (135, 'Svadbarska nosnja 3. par ', 'Muska');
INSERT INTO NOSNJA (IDN, NAZN, TIPN) VALUES (136, 'Svadbarska nosnja 4. par ', 'Muska');
INSERT INTO NOSNJA (IDN, NAZN, TIPN) VALUES (137, 'Svadbarska nosnja 5. par ', 'Muska');
INSERT INTO NOSNJA (IDN, NAZN, TIPN) VALUES (138, 'Svadbarska nosnja 6. par ', 'Muska');
INSERT INTO NOSNJA (IDN, NAZN, TIPN) VALUES (139, 'Svadbarska nosnja 7. par ', 'Muska');
INSERT INTO NOSNJA (IDN, NAZN, TIPN) VALUES (140, 'Svadbarska nosnja 8. par ', 'Muska');
INSERT INTO NOSNJA (IDN, NAZN, TIPN) VALUES (141, 'Svadbarska nosnja 9. par ', 'Muska');
INSERT INTO NOSNJA (IDN, NAZN, TIPN) VALUES (142, 'Svadbarska nosnja 10. par ', 'Muska');
INSERT INTO NOSNJA (IDN, NAZN, TIPN) VALUES (143, 'Svadbarska nosnja 11. par ', 'Muska');
INSERT INTO NOSNJA (IDN, NAZN, TIPN) VALUES (144, 'Svadbarska nosnja 12. par ', 'Muska');
INSERT INTO NOSNJA (IDN, NAZN, TIPN) VALUES (145, 'Svadbarska nosnja 1. par ', 'Zenska');
INSERT INTO NOSNJA (IDN, NAZN, TIPN) VALUES (146, 'Svadbarska nosnja 2. par ', 'Zenska');
INSERT INTO NOSNJA (IDN, NAZN, TIPN) VALUES (147, 'Svadbarska nosnja 3. par ', 'Zenska');
INSERT INTO NOSNJA (IDN, NAZN, TIPN) VALUES (148, 'Svadbarska nosnja 4. par ', 'Zenska');
INSERT INTO NOSNJA (IDN, NAZN, TIPN) VALUES (149, 'Svadbarska nosnja 5. par ', 'Zenska');
INSERT INTO NOSNJA (IDN, NAZN, TIPN) VALUES (150, 'Svadbarska nosnja 6. par ', 'Zenska');
INSERT INTO NOSNJA (IDN, NAZN, TIPN) VALUES (151, 'Svadbarska nosnja 7. par ', 'Zenska');
INSERT INTO NOSNJA (IDN, NAZN, TIPN) VALUES (152, 'Svadbarska nosnja 8. par ', 'Zenska');
INSERT INTO NOSNJA (IDN, NAZN, TIPN) VALUES (153, 'Svadbarska nosnja 9. par ', 'Zenska');
INSERT INTO NOSNJA (IDN, NAZN, TIPN) VALUES (154, 'Svadbarska nosnja 10. par ', 'Zenska');
INSERT INTO NOSNJA (IDN, NAZN, TIPN) VALUES (155, 'Svadbarska nosnja 11. par ', 'Zenska');
INSERT INTO NOSNJA (IDN, NAZN, TIPN) VALUES (156, 'Svadbarska nosnja 12. par ', 'Zenska');
INSERT INTO NOSNJA (IDN, NAZN, TIPN) VALUES (157, 'Timočka nosnja 1. par ', 'Muska');
INSERT INTO NOSNJA (IDN, NAZN, TIPN) VALUES (158, 'Timočka nosnja 2. par ', 'Muska');
INSERT INTO NOSNJA (IDN, NAZN, TIPN) VALUES (159, 'Timočka nosnja 3. par ', 'Muska');
INSERT INTO NOSNJA (IDN, NAZN, TIPN) VALUES (160, 'Timočka nosnja 4. par ', 'Muska');
INSERT INTO NOSNJA (IDN, NAZN, TIPN) VALUES (161, 'Timočka nosnja 5. par ', 'Muska');
INSERT INTO NOSNJA (IDN, NAZN, TIPN) VALUES (162, 'Timočka nosnja 6. par ', 'Muska');
INSERT INTO NOSNJA (IDN, NAZN, TIPN) VALUES (163, 'Timočka nosnja 7. par ', 'Muska');
INSERT INTO NOSNJA (IDN, NAZN, TIPN) VALUES (164, 'Timočka nosnja 8. par ', 'Muska');
INSERT INTO NOSNJA (IDN, NAZN, TIPN) VALUES (165, 'Timočka nosnja 9. par ', 'Muska');
INSERT INTO NOSNJA (IDN, NAZN, TIPN) VALUES (166, 'Timočka nosnja 10. par ', 'Muska');
INSERT INTO NOSNJA (IDN, NAZN, TIPN) VALUES (167, 'Timočka nosnja 11. par ', 'Muska');
INSERT INTO NOSNJA (IDN, NAZN, TIPN) VALUES (168, 'Timočka nosnja 12. par ', 'Muska');
INSERT INTO NOSNJA (IDN, NAZN, TIPN) VALUES (169, 'Timočka nosnja 1. par ', 'Zenska');
INSERT INTO NOSNJA (IDN, NAZN, TIPN) VALUES (170, 'Timočka nosnja 2. par ', 'Zenska');
INSERT INTO NOSNJA (IDN, NAZN, TIPN) VALUES (171, 'Timočka nosnja 3. par ', 'Zenska');
INSERT INTO NOSNJA (IDN, NAZN, TIPN) VALUES (172, 'Timočka nosnja 4. par ', 'Zenska');
INSERT INTO NOSNJA (IDN, NAZN, TIPN) VALUES (173, 'Timočka nosnja 5. par ', 'Zenska');
INSERT INTO NOSNJA (IDN, NAZN, TIPN) VALUES (174, 'Timočka nosnja 6. par ', 'Zenska');
INSERT INTO NOSNJA (IDN, NAZN, TIPN) VALUES (175, 'Timočka nosnja 7. par ', 'Zenska');
INSERT INTO NOSNJA (IDN, NAZN, TIPN) VALUES (176, 'Timočka nosnja 8. par ', 'Zenska');
INSERT INTO NOSNJA (IDN, NAZN, TIPN) VALUES (177, 'Timočka nosnja 9. par ', 'Zenska');
INSERT INTO NOSNJA (IDN, NAZN, TIPN) VALUES (178, 'Timočka nosnja 10. par ', 'Zenska');
INSERT INTO NOSNJA (IDN, NAZN, TIPN) VALUES (179, 'Timočka nosnja 11. par ', 'Zenska');
INSERT INTO NOSNJA (IDN, NAZN, TIPN) VALUES (180, 'Timočka nosnja 12. par ', 'Zenska');
INSERT INTO NOSNJA (IDN, NAZN, TIPN) VALUES (181, 'Vranjanska nosnja 1. par ', 'Muska');
INSERT INTO NOSNJA (IDN, NAZN, TIPN) VALUES (182, 'Vranjanska nosnja 2. par ', 'Muska');
INSERT INTO NOSNJA (IDN, NAZN, TIPN) VALUES (183, 'Vranjanska nosnja 3. par ', 'Muska');
INSERT INTO NOSNJA (IDN, NAZN, TIPN) VALUES (184, 'Vranjanska nosnja 4. par ', 'Muska');
INSERT INTO NOSNJA (IDN, NAZN, TIPN) VALUES (185, 'Vranjanska nosnja 5. par ', 'Muska');
INSERT INTO NOSNJA (IDN, NAZN, TIPN) VALUES (186, 'Vranjanska nosnja 6. par ', 'Muska');
INSERT INTO NOSNJA (IDN, NAZN, TIPN) VALUES (187, 'Vranjanska nosnja 7. par ', 'Muska');
INSERT INTO NOSNJA (IDN, NAZN, TIPN) VALUES (188, 'Vranjanska nosnja 8. par ', 'Muska');
INSERT INTO NOSNJA (IDN, NAZN, TIPN) VALUES (189, 'Vranjanska nosnja 9. par ', 'Muska');
INSERT INTO NOSNJA (IDN, NAZN, TIPN) VALUES (190, 'Vranjanska nosnja 10. par ', 'Muska');
INSERT INTO NOSNJA (IDN, NAZN, TIPN) VALUES (191, 'Vranjanska nosnja 11. par ', 'Muska');
INSERT INTO NOSNJA (IDN, NAZN, TIPN) VALUES (192, 'Vranjanska nosnja 12. par ', 'Muska');
INSERT INTO NOSNJA (IDN, NAZN, TIPN) VALUES (193, 'Vranjanska nosnja 1. par ', 'Zenska');
INSERT INTO NOSNJA (IDN, NAZN, TIPN) VALUES (194, 'Vranjanska nosnja 2. par ', 'Zenska');
INSERT INTO NOSNJA (IDN, NAZN, TIPN) VALUES (195, 'Vranjanska nosnja 3. par ', 'Zenska');
INSERT INTO NOSNJA (IDN, NAZN, TIPN) VALUES (196, 'Vranjanska nosnja 4. par ', 'Zenska');
INSERT INTO NOSNJA (IDN, NAZN, TIPN) VALUES (197, 'Vranjanska nosnja 5. par ', 'Zenska');
INSERT INTO NOSNJA (IDN, NAZN, TIPN) VALUES (198, 'Vranjanska nosnja 6. par ', 'Zenska');
INSERT INTO NOSNJA (IDN, NAZN, TIPN) VALUES (199, 'Vranjanska nosnja 7. par ', 'Zenska');
INSERT INTO NOSNJA (IDN, NAZN, TIPN) VALUES (200, 'Vranjanska nosnja 8. par ', 'Zenska');
INSERT INTO NOSNJA (IDN, NAZN, TIPN) VALUES (201, 'Vranjanska nosnja 9. par ', 'Zenska');
INSERT INTO NOSNJA (IDN, NAZN, TIPN) VALUES (202, 'Vranjanska nosnja 10. par ', 'Zenska');
INSERT INTO NOSNJA (IDN, NAZN, TIPN) VALUES (203, 'Vranjanska nosnja 11. par ', 'Zenska');
INSERT INTO NOSNJA (IDN, NAZN, TIPN) VALUES (204, 'Vranjanska nosnja 12. par ', 'Zenska');
INSERT INTO NOSNJA (IDN, NAZN, TIPN) VALUES (205, 'Kopaonicka nosnja 1. par ', 'Muska');
INSERT INTO NOSNJA (IDN, NAZN, TIPN) VALUES (206, 'Kopaonicka nosnja 2. par ', 'Muska');
INSERT INTO NOSNJA (IDN, NAZN, TIPN) VALUES (207, 'Kopaonicka nosnja 3. par ', 'Muska');
INSERT INTO NOSNJA (IDN, NAZN, TIPN) VALUES (208, 'Kopaonicka nosnja 4. par ', 'Muska');
INSERT INTO NOSNJA (IDN, NAZN, TIPN) VALUES (209, 'Kopaonicka nosnja 5. par ', 'Muska');
INSERT INTO NOSNJA (IDN, NAZN, TIPN) VALUES (210, 'Kopaonicka nosnja 6. par ', 'Muska');
INSERT INTO NOSNJA (IDN, NAZN, TIPN) VALUES (211, 'Kopaonicka nosnja 7. par ', 'Muska');
INSERT INTO NOSNJA (IDN, NAZN, TIPN) VALUES (212, 'Kopaonicka nosnja 8. par ', 'Muska');
INSERT INTO NOSNJA (IDN, NAZN, TIPN) VALUES (213, 'Kopaonicka nosnja 9. par ', 'Muska');
INSERT INTO NOSNJA (IDN, NAZN, TIPN) VALUES (214, 'Kopaonicka nosnja 10. par ', 'Muska');
INSERT INTO NOSNJA (IDN, NAZN, TIPN) VALUES (215, 'Kopaonicka nosnja 11. par ', 'Muska');
INSERT INTO NOSNJA (IDN, NAZN, TIPN) VALUES (216, 'Kopaonicka nosnja 12. par ', 'Muska');
INSERT INTO NOSNJA (IDN, NAZN, TIPN) VALUES (217, 'Kopaonicka nosnja 1. par ', 'Zenska');
INSERT INTO NOSNJA (IDN, NAZN, TIPN) VALUES (218, 'Kopaonicka nosnja 2. par ', 'Zenska');
INSERT INTO NOSNJA (IDN, NAZN, TIPN) VALUES (219, 'Kopaonicka nosnja 3. par ', 'Zenska');
INSERT INTO NOSNJA (IDN, NAZN, TIPN) VALUES (220, 'Kopaonicka nosnja 4. par ', 'Zenska');
INSERT INTO NOSNJA (IDN, NAZN, TIPN) VALUES (221, 'Kopaonicka nosnja 5. par ', 'Zenska');
INSERT INTO NOSNJA (IDN, NAZN, TIPN) VALUES (222, 'Kopaonicka nosnja 6. par ', 'Zenska');
INSERT INTO NOSNJA (IDN, NAZN, TIPN) VALUES (223, 'Kopaonicka nosnja 7. par ', 'Zenska');
INSERT INTO NOSNJA (IDN, NAZN, TIPN) VALUES (224, 'Kopaonicka nosnja 8. par ', 'Zenska');
INSERT INTO NOSNJA (IDN, NAZN, TIPN) VALUES (225, 'Kopaonicka nosnja 9. par ', 'Zenska');
INSERT INTO NOSNJA (IDN, NAZN, TIPN) VALUES (226, 'Kopaonicka nosnja 10. par ', 'Zenska');
INSERT INTO NOSNJA (IDN, NAZN, TIPN) VALUES (227, 'Kopaonicka nosnja 11. par ', 'Zenska');
INSERT INTO NOSNJA (IDN, NAZN, TIPN) VALUES (228, 'Kopaonicka nosnja 12. par ', 'Zenska');
INSERT INTO NOSNJA (IDN, NAZN, TIPN) VALUES (229, 'Kosovska nosnja 1. par ', 'Muska');
INSERT INTO NOSNJA (IDN, NAZN, TIPN) VALUES (230, 'Kosovska nosnja 2. par ', 'Muska');
INSERT INTO NOSNJA (IDN, NAZN, TIPN) VALUES (231, 'Kosovska nosnja 3. par ', 'Muska');
INSERT INTO NOSNJA (IDN, NAZN, TIPN) VALUES (232, 'Kosovska nosnja 4. par ', 'Muska');
INSERT INTO NOSNJA (IDN, NAZN, TIPN) VALUES (233, 'Kosovska nosnja 5. par ', 'Muska');
INSERT INTO NOSNJA (IDN, NAZN, TIPN) VALUES (234, 'Kosovska nosnja 6. par ', 'Muska');
INSERT INTO NOSNJA (IDN, NAZN, TIPN) VALUES (235, 'Kosovska nosnja 7. par ', 'Muska');
INSERT INTO NOSNJA (IDN, NAZN, TIPN) VALUES (236, 'Kosovska nosnja 8. par ', 'Muska');
INSERT INTO NOSNJA (IDN, NAZN, TIPN) VALUES (237, 'Kosovska nosnja 9. par ', 'Muska');
INSERT INTO NOSNJA (IDN, NAZN, TIPN) VALUES (238, 'Kosovska nosnja 10. par ', 'Muska');
INSERT INTO NOSNJA (IDN, NAZN, TIPN) VALUES (239, 'Kosovska nosnja 11. par ', 'Muska');
INSERT INTO NOSNJA (IDN, NAZN, TIPN) VALUES (240, 'Kosovska nosnja 12. par ', 'Muska');
INSERT INTO NOSNJA (IDN, NAZN, TIPN) VALUES (241, 'Kosovska nosnja 1. par ', 'Zenska');
INSERT INTO NOSNJA (IDN, NAZN, TIPN) VALUES (242, 'Kosovska nosnja 2. par ', 'Zenska');
INSERT INTO NOSNJA (IDN, NAZN, TIPN) VALUES (243, 'Kosovska nosnja 3. par ', 'Zenska');
INSERT INTO NOSNJA (IDN, NAZN, TIPN) VALUES (244, 'Kosovska nosnja 4. par ', 'Zenska');
INSERT INTO NOSNJA (IDN, NAZN, TIPN) VALUES (245, 'Kosovska nosnja 5. par ', 'Zenska');
INSERT INTO NOSNJA (IDN, NAZN, TIPN) VALUES (246, 'Kosovska nosnja 6. par ', 'Zenska');
INSERT INTO NOSNJA (IDN, NAZN, TIPN) VALUES (247, 'Kosovska nosnja 7. par ', 'Zenska');
INSERT INTO NOSNJA (IDN, NAZN, TIPN) VALUES (248, 'Kosovska nosnja 8. par ', 'Zenska');
INSERT INTO NOSNJA (IDN, NAZN, TIPN) VALUES (249, 'Kosovska nosnja 9. par ', 'Zenska');
INSERT INTO NOSNJA (IDN, NAZN, TIPN) VALUES (250, 'Kosovska nosnja 10. par ', 'Zenska');
INSERT INTO NOSNJA (IDN, NAZN, TIPN) VALUES (251, 'Kosovska nosnja 11. par ', 'Zenska');
INSERT INTO NOSNJA (IDN, NAZN, TIPN) VALUES (252, 'Kosovska nosnja 12. par ', 'Zenska');
INSERT INTO NOSNJA (IDN, NAZN, TIPN) VALUES (253, 'Sremska nosnja 1. par ', 'Muska');
INSERT INTO NOSNJA (IDN, NAZN, TIPN) VALUES (254, 'Sremska nosnja 2. par ', 'Muska');
INSERT INTO NOSNJA (IDN, NAZN, TIPN) VALUES (255, 'Sremska nosnja 3. par ', 'Muska');
INSERT INTO NOSNJA (IDN, NAZN, TIPN) VALUES (256, 'Sremska nosnja 4. par ', 'Muska');
INSERT INTO NOSNJA (IDN, NAZN, TIPN) VALUES (257, 'Sremska nosnja 5. par ', 'Muska');
INSERT INTO NOSNJA (IDN, NAZN, TIPN) VALUES (258, 'Sremska nosnja 6. par ', 'Muska');
INSERT INTO NOSNJA (IDN, NAZN, TIPN) VALUES (259, 'Sremska nosnja 7. par ', 'Muska');
INSERT INTO NOSNJA (IDN, NAZN, TIPN) VALUES (260, 'Sremska nosnja 8. par ', 'Muska');
INSERT INTO NOSNJA (IDN, NAZN, TIPN) VALUES (261, 'Sremska nosnja 9. par ', 'Muska');
INSERT INTO NOSNJA (IDN, NAZN, TIPN) VALUES (262, 'Sremska nosnja 10. par ', 'Muska');
INSERT INTO NOSNJA (IDN, NAZN, TIPN) VALUES (263, 'Sremska nosnja 11. par ', 'Muska');
INSERT INTO NOSNJA (IDN, NAZN, TIPN) VALUES (264, 'Sremska nosnja 12. par ', 'Muska');
INSERT INTO NOSNJA (IDN, NAZN, TIPN) VALUES (265, 'Sremska nosnja 1. par ', 'Zenska');
INSERT INTO NOSNJA (IDN, NAZN, TIPN) VALUES (266, 'Sremska nosnja 2. par ', 'Zenska');
INSERT INTO NOSNJA (IDN, NAZN, TIPN) VALUES (267, 'Sremska nosnja 3. par ', 'Zenska');
INSERT INTO NOSNJA (IDN, NAZN, TIPN) VALUES (268, 'Sremska nosnja 4. par ', 'Zenska');
INSERT INTO NOSNJA (IDN, NAZN, TIPN) VALUES (269, 'Sremska nosnja 5. par ', 'Zenska');
INSERT INTO NOSNJA (IDN, NAZN, TIPN) VALUES (270, 'Sremska nosnja 6. par ', 'Zenska');
INSERT INTO NOSNJA (IDN, NAZN, TIPN) VALUES (271, 'Sremska nosnja 7. par ', 'Zenska');
INSERT INTO NOSNJA (IDN, NAZN, TIPN) VALUES (272, 'Sremska nosnja 8. par ', 'Zenska');
INSERT INTO NOSNJA (IDN, NAZN, TIPN) VALUES (273, 'Sremska nosnja 9. par ', 'Zenska');
INSERT INTO NOSNJA (IDN, NAZN, TIPN) VALUES (274, 'Sremska nosnja 10. par ', 'Zenska');
INSERT INTO NOSNJA (IDN, NAZN, TIPN) VALUES (275, 'Sremska nosnja 11. par ', 'Zenska');
INSERT INTO NOSNJA (IDN, NAZN, TIPN) VALUES (276, 'Sremska nosnja 12. par ', 'Zenska');
INSERT INTO NOSNJA (IDN, NAZN, TIPN) VALUES (277, 'Raška nosnja 1. par ', 'Muska');
INSERT INTO NOSNJA (IDN, NAZN, TIPN) VALUES (278, 'Raška nosnja 2. par ', 'Muska');
INSERT INTO NOSNJA (IDN, NAZN, TIPN) VALUES (279, 'Raška nosnja 3. par ', 'Muska');
INSERT INTO NOSNJA (IDN, NAZN, TIPN) VALUES (280, 'Raška nosnja 4. par ', 'Muska');
INSERT INTO NOSNJA (IDN, NAZN, TIPN) VALUES (281, 'Raška nosnja 5. par ', 'Muska');
INSERT INTO NOSNJA (IDN, NAZN, TIPN) VALUES (282, 'Raška nosnja 6. par ', 'Muska');
INSERT INTO NOSNJA (IDN, NAZN, TIPN) VALUES (283, 'Raška nosnja 7. par ', 'Muska');
INSERT INTO NOSNJA (IDN, NAZN, TIPN) VALUES (284, 'Raška nosnja 8. par ', 'Muska');
INSERT INTO NOSNJA (IDN, NAZN, TIPN) VALUES (285, 'Raška nosnja 9. par ', 'Muska');
INSERT INTO NOSNJA (IDN, NAZN, TIPN) VALUES (286, 'Raška nosnja 10. par ', 'Muska');
INSERT INTO NOSNJA (IDN, NAZN, TIPN) VALUES (287, 'Raška nosnja 11. par ', 'Muska');
INSERT INTO NOSNJA (IDN, NAZN, TIPN) VALUES (288, 'Raška nosnja 12. par ', 'Muska');
INSERT INTO NOSNJA (IDN, NAZN, TIPN) VALUES (289, 'Raška nosnja 1. par ', 'Zenska');
INSERT INTO NOSNJA (IDN, NAZN, TIPN) VALUES (290, 'Raška nosnja 2. par ', 'Zenska');
INSERT INTO NOSNJA (IDN, NAZN, TIPN) VALUES (291, 'Raška nosnja 3. par ', 'Zenska');
INSERT INTO NOSNJA (IDN, NAZN, TIPN) VALUES (292, 'Raška nosnja 4. par ', 'Zenska');
INSERT INTO NOSNJA (IDN, NAZN, TIPN) VALUES (293, 'Raška nosnja 5. par ', 'Zenska');
INSERT INTO NOSNJA (IDN, NAZN, TIPN) VALUES (294, 'Raška nosnja 6. par ', 'Zenska');
INSERT INTO NOSNJA (IDN, NAZN, TIPN) VALUES (295, 'Raška nosnja 7. par ', 'Zenska');
INSERT INTO NOSNJA (IDN, NAZN, TIPN) VALUES (296, 'Raška nosnja 8. par ', 'Zenska');
INSERT INTO NOSNJA (IDN, NAZN, TIPN) VALUES (297, 'Raška nosnja 9. par ', 'Zenska');
INSERT INTO NOSNJA (IDN, NAZN, TIPN) VALUES (298, 'Raška nosnja 10. par ', 'Zenska');
INSERT INTO NOSNJA (IDN, NAZN, TIPN) VALUES (299, 'Raška nosnja 11. par ', 'Zenska');
INSERT INTO NOSNJA (IDN, NAZN, TIPN) VALUES (300, 'Raška nosnja 12. par ', 'Zenska');
INSERT INTO NOSNJA (IDN, NAZN, TIPN) VALUES (301, 'Banatska nosnja 1. par ', 'Muska');
INSERT INTO NOSNJA (IDN, NAZN, TIPN) VALUES (302, 'Banatska nosnja 2. par ', 'Muska');
INSERT INTO NOSNJA (IDN, NAZN, TIPN) VALUES (303, 'Banatska nosnja 3. par ', 'Muska');
INSERT INTO NOSNJA (IDN, NAZN, TIPN) VALUES (304, 'Banatska nosnja 4. par ', 'Muska');
INSERT INTO NOSNJA (IDN, NAZN, TIPN) VALUES (305, 'Banatska nosnja 5. par ', 'Muska');
INSERT INTO NOSNJA (IDN, NAZN, TIPN) VALUES (306, 'Banatska nosnja 6. par ', 'Muska');
INSERT INTO NOSNJA (IDN, NAZN, TIPN) VALUES (307, 'Banatska nosnja 7. par ', 'Muska');
INSERT INTO NOSNJA (IDN, NAZN, TIPN) VALUES (308, 'Banatska nosnja 8. par ', 'Muska');
INSERT INTO NOSNJA (IDN, NAZN, TIPN) VALUES (309, 'Banatska nosnja 9. par ', 'Muska');
INSERT INTO NOSNJA (IDN, NAZN, TIPN) VALUES (310, 'Banatska nosnja 10. par ', 'Muska');
INSERT INTO NOSNJA (IDN, NAZN, TIPN) VALUES (311, 'Banatska nosnja 11. par ', 'Muska');
INSERT INTO NOSNJA (IDN, NAZN, TIPN) VALUES (312, 'Banatska nosnja 12. par ', 'Muska');
INSERT INTO NOSNJA (IDN, NAZN, TIPN) VALUES (313, 'Banatska nosnja 1. par ', 'Zenska');
INSERT INTO NOSNJA (IDN, NAZN, TIPN) VALUES (314, 'Banatska nosnja 2. par ', 'Zenska');
INSERT INTO NOSNJA (IDN, NAZN, TIPN) VALUES (315, 'Banatska nosnja 3. par ', 'Zenska');
INSERT INTO NOSNJA (IDN, NAZN, TIPN) VALUES (316, 'Banatska nosnja 4. par ', 'Zenska');
INSERT INTO NOSNJA (IDN, NAZN, TIPN) VALUES (317, 'Banatska nosnja 5. par ', 'Zenska');
INSERT INTO NOSNJA (IDN, NAZN, TIPN) VALUES (318, 'Banatska nosnja 6. par ', 'Zenska');
INSERT INTO NOSNJA (IDN, NAZN, TIPN) VALUES (319, 'Banatska nosnja 7. par ', 'Zenska');
INSERT INTO NOSNJA (IDN, NAZN, TIPN) VALUES (320, 'Banatska nosnja 8. par ', 'Zenska');
INSERT INTO NOSNJA (IDN, NAZN, TIPN) VALUES (321, 'Banatska nosnja 9. par ', 'Zenska');
INSERT INTO NOSNJA (IDN, NAZN, TIPN) VALUES (322, 'Banatska nosnja 10. par ', 'Zenska');
INSERT INTO NOSNJA (IDN, NAZN, TIPN) VALUES (323, 'Banatska nosnja 11. par ', 'Zenska');
INSERT INTO NOSNJA (IDN, NAZN, TIPN) VALUES (324, 'Banatska nosnja 12. par ', 'Zenska');
INSERT INTO NOSNJA (IDN, NAZN, TIPN) VALUES (325, 'Bokeljska nosnja 1. par ', 'Muska');
INSERT INTO NOSNJA (IDN, NAZN, TIPN) VALUES (326, 'Bokeljska nosnja 2. par ', 'Muska');
INSERT INTO NOSNJA (IDN, NAZN, TIPN) VALUES (327, 'Bokeljska nosnja 3. par ', 'Muska');
INSERT INTO NOSNJA (IDN, NAZN, TIPN) VALUES (328, 'Bokeljska nosnja 4. par ', 'Muska');
INSERT INTO NOSNJA (IDN, NAZN, TIPN) VALUES (329, 'Bokeljska nosnja 5. par ', 'Muska');
INSERT INTO NOSNJA (IDN, NAZN, TIPN) VALUES (330, 'Bokeljska nosnja 6. par ', 'Muska');
INSERT INTO NOSNJA (IDN, NAZN, TIPN) VALUES (331, 'Bokeljska nosnja 7. par ', 'Muska');
INSERT INTO NOSNJA (IDN, NAZN, TIPN) VALUES (332, 'Bokeljska nosnja 8. par ', 'Muska');
INSERT INTO NOSNJA (IDN, NAZN, TIPN) VALUES (333, 'Bokeljska nosnja 9. par ', 'Muska');
INSERT INTO NOSNJA (IDN, NAZN, TIPN) VALUES (334, 'Bokeljska nosnja 10. par ', 'Muska');
INSERT INTO NOSNJA (IDN, NAZN, TIPN) VALUES (335, 'Bokeljska nosnja 11. par ', 'Muska');
INSERT INTO NOSNJA (IDN, NAZN, TIPN) VALUES (336, 'Bokeljska nosnja 12. par ', 'Muska');
INSERT INTO NOSNJA (IDN, NAZN, TIPN) VALUES (337, 'Bokeljska nosnja 1. par ', 'Zenska');
INSERT INTO NOSNJA (IDN, NAZN, TIPN) VALUES (338, 'Bokeljska nosnja 2. par ', 'Zenska');
INSERT INTO NOSNJA (IDN, NAZN, TIPN) VALUES (339, 'Bokeljska nosnja 3. par ', 'Zenska');
INSERT INTO NOSNJA (IDN, NAZN, TIPN) VALUES (340, 'Bokeljska nosnja 4. par ', 'Zenska');
INSERT INTO NOSNJA (IDN, NAZN, TIPN) VALUES (341, 'Bokeljska nosnja 5. par ', 'Zenska');
INSERT INTO NOSNJA (IDN, NAZN, TIPN) VALUES (342, 'Bokeljska nosnja 6. par ', 'Zenska');
INSERT INTO NOSNJA (IDN, NAZN, TIPN) VALUES (343, 'Bokeljska nosnja 7. par ', 'Zenska');
INSERT INTO NOSNJA (IDN, NAZN, TIPN) VALUES (344, 'Bokeljska nosnja 8. par ', 'Zenska');
INSERT INTO NOSNJA (IDN, NAZN, TIPN) VALUES (345, 'Bokeljska nosnja 9. par ', 'Zenska');
INSERT INTO NOSNJA (IDN, NAZN, TIPN) VALUES (346, 'Bokeljska nosnja 10. par ', 'Zenska');
INSERT INTO NOSNJA (IDN, NAZN, TIPN) VALUES (347, 'Bokeljska nosnja 11. par ', 'Zenska');
INSERT INTO NOSNJA (IDN, NAZN, TIPN) VALUES (348, 'Bokeljska nosnja 12. par ', 'Zenska');
INSERT INTO NOSNJA (IDN, NAZN, TIPN) VALUES (349, 'Crnogorska nosnja 1. par ', 'Muska');
INSERT INTO NOSNJA (IDN, NAZN, TIPN) VALUES (350, 'Crnogorska nosnja 2. par ', 'Muska');
INSERT INTO NOSNJA (IDN, NAZN, TIPN) VALUES (351, 'Crnogorska nosnja 3. par ', 'Muska');
INSERT INTO NOSNJA (IDN, NAZN, TIPN) VALUES (352, 'Crnogorska nosnja 4. par ', 'Muska');
INSERT INTO NOSNJA (IDN, NAZN, TIPN) VALUES (353, 'Crnogorska nosnja 5. par ', 'Muska');
INSERT INTO NOSNJA (IDN, NAZN, TIPN) VALUES (354, 'Crnogorska nosnja 6. par ', 'Muska');
INSERT INTO NOSNJA (IDN, NAZN, TIPN) VALUES (355, 'Crnogorska nosnja 7. par ', 'Muska');
INSERT INTO NOSNJA (IDN, NAZN, TIPN) VALUES (356, 'Crnogorska nosnja 8. par ', 'Muska');
INSERT INTO NOSNJA (IDN, NAZN, TIPN) VALUES (357, 'Crnogorska nosnja 9. par ', 'Muska');
INSERT INTO NOSNJA (IDN, NAZN, TIPN) VALUES (358, 'Crnogorska nosnja 10. par ', 'Muska');
INSERT INTO NOSNJA (IDN, NAZN, TIPN) VALUES (359, 'Crnogorska nosnja 11. par ', 'Muska');
INSERT INTO NOSNJA (IDN, NAZN, TIPN) VALUES (360, 'Crnogorska nosnja 12. par ', 'Muska');
INSERT INTO NOSNJA (IDN, NAZN, TIPN) VALUES (361, 'Crnogorska nosnja 1. par ', 'Zenska');
INSERT INTO NOSNJA (IDN, NAZN, TIPN) VALUES (362, 'Crnogorska nosnja 2. par ', 'Zenska');
INSERT INTO NOSNJA (IDN, NAZN, TIPN) VALUES (363, 'Crnogorska nosnja 3. par ', 'Zenska');
INSERT INTO NOSNJA (IDN, NAZN, TIPN) VALUES (364, 'Crnogorska nosnja 4. par ', 'Zenska');
INSERT INTO NOSNJA (IDN, NAZN, TIPN) VALUES (365, 'Crnogorska nosnja 5. par ', 'Zenska');
INSERT INTO NOSNJA (IDN, NAZN, TIPN) VALUES (366, 'Crnogorska nosnja 6. par ', 'Zenska');
INSERT INTO NOSNJA (IDN, NAZN, TIPN) VALUES (367, 'Crnogorska nosnja 7. par ', 'Zenska');
INSERT INTO NOSNJA (IDN, NAZN, TIPN) VALUES (368, 'Crnogorska nosnja 8. par ', 'Zenska');
INSERT INTO NOSNJA (IDN, NAZN, TIPN) VALUES (369, 'Crnogorska nosnja 9. par ', 'Zenska');
INSERT INTO NOSNJA (IDN, NAZN, TIPN) VALUES (370, 'Crnogorska nosnja 10. par ', 'Zenska');
INSERT INTO NOSNJA (IDN, NAZN, TIPN) VALUES (371, 'Crnogorska nosnja 11. par ', 'Zenska');
INSERT INTO NOSNJA (IDN, NAZN, TIPN) VALUES (372, 'Crnogorska nosnja 12. par ', 'Zenska');
INSERT INTO NOSNJA (IDN, NAZN, TIPN) VALUES (373, 'Pčinjska nosnja 1. par ', 'Muska');
INSERT INTO NOSNJA (IDN, NAZN, TIPN) VALUES (374, 'Pčinjska nosnja 2. par ', 'Muska');
INSERT INTO NOSNJA (IDN, NAZN, TIPN) VALUES (375, 'Pčinjska nosnja 3. par ', 'Muska');
INSERT INTO NOSNJA (IDN, NAZN, TIPN) VALUES (376, 'Pčinjska nosnja 4. par ', 'Muska');
INSERT INTO NOSNJA (IDN, NAZN, TIPN) VALUES (377, 'Pčinjska nosnja 5. par ', 'Muska');
INSERT INTO NOSNJA (IDN, NAZN, TIPN) VALUES (378, 'Pčinjska nosnja 6. par ', 'Muska');
INSERT INTO NOSNJA (IDN, NAZN, TIPN) VALUES (379, 'Pčinjska nosnja 7. par ', 'Muska');
INSERT INTO NOSNJA (IDN, NAZN, TIPN) VALUES (380, 'Pčinjska nosnja 8. par ', 'Muska');
INSERT INTO NOSNJA (IDN, NAZN, TIPN) VALUES (381, 'Pčinjska nosnja 9. par ', 'Muska');
INSERT INTO NOSNJA (IDN, NAZN, TIPN) VALUES (382, 'Pčinjska nosnja 10. par ', 'Muska');
INSERT INTO NOSNJA (IDN, NAZN, TIPN) VALUES (383, 'Pčinjska nosnja 11. par ', 'Muska');
INSERT INTO NOSNJA (IDN, NAZN, TIPN) VALUES (384, 'Pčinjska nosnja 12. par ', 'Muska');
INSERT INTO NOSNJA (IDN, NAZN, TIPN) VALUES (385, 'Pčinjska nosnja 1. par ', 'Zenska');
INSERT INTO NOSNJA (IDN, NAZN, TIPN) VALUES (386, 'Pčinjska nosnja 2. par ', 'Zenska');
INSERT INTO NOSNJA (IDN, NAZN, TIPN) VALUES (387, 'Pčinjska nosnja 3. par ', 'Zenska');
INSERT INTO NOSNJA (IDN, NAZN, TIPN) VALUES (388, 'Pčinjska nosnja 4. par ', 'Zenska');
INSERT INTO NOSNJA (IDN, NAZN, TIPN) VALUES (389, 'Pčinjska nosnja 5. par ', 'Zenska');
INSERT INTO NOSNJA (IDN, NAZN, TIPN) VALUES (390, 'Pčinjska nosnja 6. par ', 'Zenska');
INSERT INTO NOSNJA (IDN, NAZN, TIPN) VALUES (391, 'Pčinjska nosnja 7. par ', 'Zenska');
INSERT INTO NOSNJA (IDN, NAZN, TIPN) VALUES (392, 'Pčinjska nosnja 8. par ', 'Zenska');
INSERT INTO NOSNJA (IDN, NAZN, TIPN) VALUES (393, 'Pčinjska nosnja 9. par ', 'Zenska');
INSERT INTO NOSNJA (IDN, NAZN, TIPN) VALUES (394, 'Pčinjska nosnja 10. par ', 'Zenska');
INSERT INTO NOSNJA (IDN, NAZN, TIPN) VALUES (395, 'Pčinjska nosnja 11. par ', 'Zenska');
INSERT INTO NOSNJA (IDN, NAZN, TIPN) VALUES (396, 'Pčinjska nosnja 12. par ', 'Zenska');
INSERT INTO NOSNJA (IDN, NAZN, TIPN) VALUES (397, 'Guslarska nosnja 1. par ', 'Muska');
INSERT INTO NOSNJA (IDN, NAZN, TIPN) VALUES (398, 'Guslarska nosnja 2. par ', 'Muska');
INSERT INTO NOSNJA (IDN, NAZN, TIPN) VALUES (399, 'Guslarska nosnja 3. par ', 'Muska');
INSERT INTO NOSNJA (IDN, NAZN, TIPN) VALUES (400, 'Guslarska nosnja 4. par ', 'Muska');
INSERT INTO NOSNJA (IDN, NAZN, TIPN) VALUES (401, 'Guslarska nosnja 5. par ', 'Muska');
INSERT INTO NOSNJA (IDN, NAZN, TIPN) VALUES (402, 'Guslarska nosnja 6. par ', 'Muska');
INSERT INTO NOSNJA (IDN, NAZN, TIPN) VALUES (403, 'Guslarska nosnja 7. par ', 'Muska');
INSERT INTO NOSNJA (IDN, NAZN, TIPN) VALUES (404, 'Guslarska nosnja 8. par ', 'Muska');
INSERT INTO NOSNJA (IDN, NAZN, TIPN) VALUES (405, 'Guslarska nosnja 9. par ', 'Muska');
INSERT INTO NOSNJA (IDN, NAZN, TIPN) VALUES (406, 'Guslarska nosnja 10. par ', 'Muska');
INSERT INTO NOSNJA (IDN, NAZN, TIPN) VALUES (407, 'Guslarska nosnja 11. par ', 'Muska');
INSERT INTO NOSNJA (IDN, NAZN, TIPN) VALUES (408, 'Guslarska nosnja 12. par ', 'Muska');
INSERT INTO NOSNJA (IDN, NAZN, TIPN) VALUES (409, 'Guslarska nosnja 1. par ', 'Zenska');
INSERT INTO NOSNJA (IDN, NAZN, TIPN) VALUES (410, 'Guslarska nosnja 2. par ', 'Zenska');
INSERT INTO NOSNJA (IDN, NAZN, TIPN) VALUES (411, 'Guslarska nosnja 3. par ', 'Zenska');
INSERT INTO NOSNJA (IDN, NAZN, TIPN) VALUES (412, 'Guslarska nosnja 4. par ', 'Zenska');
INSERT INTO NOSNJA (IDN, NAZN, TIPN) VALUES (413, 'Guslarska nosnja 5. par ', 'Zenska');
INSERT INTO NOSNJA (IDN, NAZN, TIPN) VALUES (414, 'Guslarska nosnja 6. par ', 'Zenska');
INSERT INTO NOSNJA (IDN, NAZN, TIPN) VALUES (415, 'Guslarska nosnja 7. par ', 'Zenska');
INSERT INTO NOSNJA (IDN, NAZN, TIPN) VALUES (416, 'Guslarska nosnja 8. par ', 'Zenska');
INSERT INTO NOSNJA (IDN, NAZN, TIPN) VALUES (417, 'Guslarska nosnja 9. par ', 'Zenska');
INSERT INTO NOSNJA (IDN, NAZN, TIPN) VALUES (418, 'Guslarska nosnja 10. par ', 'Zenska');
INSERT INTO NOSNJA (IDN, NAZN, TIPN) VALUES (419, 'Guslarska nosnja 11. par ', 'Zenska');
INSERT INTO NOSNJA (IDN, NAZN, TIPN) VALUES (420, 'Guslarska nosnja 12. par ', 'Zenska');
INSERT INTO NOSNJA (IDN, NAZN, TIPN) VALUES (421, 'Mačvanska nosnja 1. par ', 'Muska');
INSERT INTO NOSNJA (IDN, NAZN, TIPN) VALUES (422, 'Mačvanska nosnja 2. par ', 'Muska');
INSERT INTO NOSNJA (IDN, NAZN, TIPN) VALUES (423, 'Mačvanska nosnja 3. par ', 'Muska');
INSERT INTO NOSNJA (IDN, NAZN, TIPN) VALUES (424, 'Mačvanska nosnja 4. par ', 'Muska');
INSERT INTO NOSNJA (IDN, NAZN, TIPN) VALUES (425, 'Mačvanska nosnja 5. par ', 'Muska');
INSERT INTO NOSNJA (IDN, NAZN, TIPN) VALUES (426, 'Mačvanska nosnja 6. par ', 'Muska');
INSERT INTO NOSNJA (IDN, NAZN, TIPN) VALUES (427, 'Mačvanska nosnja 7. par ', 'Muska');
INSERT INTO NOSNJA (IDN, NAZN, TIPN) VALUES (428, 'Mačvanska nosnja 8. par ', 'Muska');
INSERT INTO NOSNJA (IDN, NAZN, TIPN) VALUES (429, 'Mačvanska nosnja 9. par ', 'Muska');
INSERT INTO NOSNJA (IDN, NAZN, TIPN) VALUES (430, 'Mačvanska nosnja 10. par ', 'Muska');
INSERT INTO NOSNJA (IDN, NAZN, TIPN) VALUES (431, 'Mačvanska nosnja 11. par ', 'Muska');
INSERT INTO NOSNJA (IDN, NAZN, TIPN) VALUES (432, 'Mačvanska nosnja 12. par ', 'Muska');
INSERT INTO NOSNJA (IDN, NAZN, TIPN) VALUES (433, 'Mačvanska nosnja 1. par ', 'Zenska');
INSERT INTO NOSNJA (IDN, NAZN, TIPN) VALUES (434, 'Mačvanska nosnja 2. par ', 'Zenska');
INSERT INTO NOSNJA (IDN, NAZN, TIPN) VALUES (435, 'Mačvanska nosnja 3. par ', 'Zenska');
INSERT INTO NOSNJA (IDN, NAZN, TIPN) VALUES (436, 'Mačvanska nosnja 4. par ', 'Zenska');
INSERT INTO NOSNJA (IDN, NAZN, TIPN) VALUES (437, 'Mačvanska nosnja 5. par ', 'Zenska');
INSERT INTO NOSNJA (IDN, NAZN, TIPN) VALUES (438, 'Mačvanska nosnja 6. par ', 'Zenska');
INSERT INTO NOSNJA (IDN, NAZN, TIPN) VALUES (439, 'Mačvanska nosnja 7. par ', 'Zenska');
INSERT INTO NOSNJA (IDN, NAZN, TIPN) VALUES (440, 'Mačvanska nosnja 8. par ', 'Zenska');
INSERT INTO NOSNJA (IDN, NAZN, TIPN) VALUES (441, 'Mačvanska nosnja 9. par ', 'Zenska');
INSERT INTO NOSNJA (IDN, NAZN, TIPN) VALUES (442, 'Mačvanska nosnja 10. par ', 'Zenska');
INSERT INTO NOSNJA (IDN, NAZN, TIPN) VALUES (443, 'Mačvanska nosnja 11. par ', 'Zenska');
INSERT INTO NOSNJA (IDN, NAZN, TIPN) VALUES (444, 'Mačvanska nosnja 12. par ', 'Zenska');
INSERT INTO NOSNJA (IDN, NAZN, TIPN) VALUES (445, 'Timocka nosnja 1. par ', 'Muska');
INSERT INTO NOSNJA (IDN, NAZN, TIPN) VALUES (446, 'Timocka nosnja 2. par ', 'Muska');
INSERT INTO NOSNJA (IDN, NAZN, TIPN) VALUES (447, 'Timocka nosnja 3. par ', 'Muska');
INSERT INTO NOSNJA (IDN, NAZN, TIPN) VALUES (448, 'Timocka nosnja 4. par ', 'Muska');
INSERT INTO NOSNJA (IDN, NAZN, TIPN) VALUES (449, 'Timocka nosnja 5. par ', 'Muska');
INSERT INTO NOSNJA (IDN, NAZN, TIPN) VALUES (450, 'Timocka nosnja 6. par ', 'Muska');
INSERT INTO NOSNJA (IDN, NAZN, TIPN) VALUES (451, 'Timocka nosnja 7. par ', 'Muska');
INSERT INTO NOSNJA (IDN, NAZN, TIPN) VALUES (452, 'Timocka nosnja 8. par ', 'Muska');
INSERT INTO NOSNJA (IDN, NAZN, TIPN) VALUES (453, 'Timocka nosnja 9. par ', 'Muska');
INSERT INTO NOSNJA (IDN, NAZN, TIPN) VALUES (454, 'Timocka nosnja 10. par ', 'Muska');
INSERT INTO NOSNJA (IDN, NAZN, TIPN) VALUES (455, 'Timocka nosnja 11. par ', 'Muska');
INSERT INTO NOSNJA (IDN, NAZN, TIPN) VALUES (456, 'Timocka nosnja 12. par ', 'Muska');
INSERT INTO NOSNJA (IDN, NAZN, TIPN) VALUES (457, 'Timocka nosnja 1. par ', 'Zenska');
INSERT INTO NOSNJA (IDN, NAZN, TIPN) VALUES (458, 'Timocka nosnja 2. par ', 'Zenska');
INSERT INTO NOSNJA (IDN, NAZN, TIPN) VALUES (459, 'Timocka nosnja 3. par ', 'Zenska');
INSERT INTO NOSNJA (IDN, NAZN, TIPN) VALUES (460, 'Timocka nosnja 4. par ', 'Zenska');
INSERT INTO NOSNJA (IDN, NAZN, TIPN) VALUES (461, 'Timocka nosnja 5. par ', 'Zenska');
INSERT INTO NOSNJA (IDN, NAZN, TIPN) VALUES (462, 'Timocka nosnja 6. par ', 'Zenska');
INSERT INTO NOSNJA (IDN, NAZN, TIPN) VALUES (463, 'Timocka nosnja 7. par ', 'Zenska');
INSERT INTO NOSNJA (IDN, NAZN, TIPN) VALUES (464, 'Timocka nosnja 8. par ', 'Zenska');
INSERT INTO NOSNJA (IDN, NAZN, TIPN) VALUES (465, 'Timocka nosnja 9. par ', 'Zenska');
INSERT INTO NOSNJA (IDN, NAZN, TIPN) VALUES (466, 'Timocka nosnja 10. par ', 'Zenska');
INSERT INTO NOSNJA (IDN, NAZN, TIPN) VALUES (467, 'Timocka nosnja 11. par ', 'Zenska');
INSERT INTO NOSNJA (IDN, NAZN, TIPN) VALUES (468, 'Timocka nosnja 12. par ', 'Zenska');
INSERT INTO NOSNJA (IDN, NAZN, TIPN) VALUES (469, 'Sarajevska nosnja 1. par ', 'Muska');
INSERT INTO NOSNJA (IDN, NAZN, TIPN) VALUES (470, 'Sarajevska nosnja 2. par ', 'Muska');
INSERT INTO NOSNJA (IDN, NAZN, TIPN) VALUES (471, 'Sarajevska nosnja 3. par ', 'Muska');
INSERT INTO NOSNJA (IDN, NAZN, TIPN) VALUES (472, 'Sarajevska nosnja 4. par ', 'Muska');
INSERT INTO NOSNJA (IDN, NAZN, TIPN) VALUES (473, 'Sarajevska nosnja 5. par ', 'Muska');
INSERT INTO NOSNJA (IDN, NAZN, TIPN) VALUES (474, 'Sarajevska nosnja 6. par ', 'Muska');
INSERT INTO NOSNJA (IDN, NAZN, TIPN) VALUES (475, 'Sarajevska nosnja 7. par ', 'Muska');
INSERT INTO NOSNJA (IDN, NAZN, TIPN) VALUES (476, 'Sarajevska nosnja 8. par ', 'Muska');
INSERT INTO NOSNJA (IDN, NAZN, TIPN) VALUES (477, 'Sarajevska nosnja 9. par ', 'Muska');
INSERT INTO NOSNJA (IDN, NAZN, TIPN) VALUES (478, 'Sarajevska nosnja 10. par ', 'Muska');
INSERT INTO NOSNJA (IDN, NAZN, TIPN) VALUES (479, 'Sarajevska nosnja 11. par ', 'Muska');
INSERT INTO NOSNJA (IDN, NAZN, TIPN) VALUES (480, 'Sarajevska nosnja 12. par ', 'Muska');
INSERT INTO NOSNJA (IDN, NAZN, TIPN) VALUES (481, 'Sarajevska nosnja 1. par ', 'Zenska');
INSERT INTO NOSNJA (IDN, NAZN, TIPN) VALUES (482, 'Sarajevska nosnja 2. par ', 'Zenska');
INSERT INTO NOSNJA (IDN, NAZN, TIPN) VALUES (483, 'Sarajevska nosnja 3. par ', 'Zenska');
INSERT INTO NOSNJA (IDN, NAZN, TIPN) VALUES (484, 'Sarajevska nosnja 4. par ', 'Zenska');
INSERT INTO NOSNJA (IDN, NAZN, TIPN) VALUES (485, 'Sarajevska nosnja 5. par ', 'Zenska');
INSERT INTO NOSNJA (IDN, NAZN, TIPN) VALUES (486, 'Sarajevska nosnja 6. par ', 'Zenska');
INSERT INTO NOSNJA (IDN, NAZN, TIPN) VALUES (487, 'Sarajevska nosnja 7. par ', 'Zenska');
INSERT INTO NOSNJA (IDN, NAZN, TIPN) VALUES (488, 'Sarajevska nosnja 8. par ', 'Zenska');
INSERT INTO NOSNJA (IDN, NAZN, TIPN) VALUES (489, 'Sarajevska nosnja 9. par ', 'Zenska');
INSERT INTO NOSNJA (IDN, NAZN, TIPN) VALUES (490, 'Sarajevska nosnja 10. par ', 'Zenska');
INSERT INTO NOSNJA (IDN, NAZN, TIPN) VALUES (491, 'Sarajevska nosnja 11. par ', 'Zenska');
INSERT INTO NOSNJA (IDN, NAZN, TIPN) VALUES (492, 'Sarajevska nosnja 12. par ', 'Zenska');


--PRIPADA
INSERT INTO PRIPADA (KOREOGRAFIJA_IDK, NOSNJA_IDN) VALUES (1, 1);
INSERT INTO PRIPADA (KOREOGRAFIJA_IDK, NOSNJA_IDN) VALUES (1, 2);
INSERT INTO PRIPADA (KOREOGRAFIJA_IDK, NOSNJA_IDN) VALUES (1, 3);
INSERT INTO PRIPADA (KOREOGRAFIJA_IDK, NOSNJA_IDN) VALUES (1, 4);
INSERT INTO PRIPADA (KOREOGRAFIJA_IDK, NOSNJA_IDN) VALUES (1, 5);
INSERT INTO PRIPADA (KOREOGRAFIJA_IDK, NOSNJA_IDN) VALUES (1, 6);
INSERT INTO PRIPADA (KOREOGRAFIJA_IDK, NOSNJA_IDN) VALUES (1, 7);
INSERT INTO PRIPADA (KOREOGRAFIJA_IDK, NOSNJA_IDN) VALUES (1, 8);
INSERT INTO PRIPADA (KOREOGRAFIJA_IDK, NOSNJA_IDN) VALUES (1, 9);
INSERT INTO PRIPADA (KOREOGRAFIJA_IDK, NOSNJA_IDN) VALUES (1, 10);
INSERT INTO PRIPADA (KOREOGRAFIJA_IDK, NOSNJA_IDN) VALUES (1, 11);
INSERT INTO PRIPADA (KOREOGRAFIJA_IDK, NOSNJA_IDN) VALUES (1, 12);
INSERT INTO PRIPADA (KOREOGRAFIJA_IDK, NOSNJA_IDN) VALUES (2, 13);
INSERT INTO PRIPADA (KOREOGRAFIJA_IDK, NOSNJA_IDN) VALUES (2, 14);
INSERT INTO PRIPADA (KOREOGRAFIJA_IDK, NOSNJA_IDN) VALUES (2, 15);
INSERT INTO PRIPADA (KOREOGRAFIJA_IDK, NOSNJA_IDN) VALUES (2, 16);
INSERT INTO PRIPADA (KOREOGRAFIJA_IDK, NOSNJA_IDN) VALUES (2, 17);
INSERT INTO PRIPADA (KOREOGRAFIJA_IDK, NOSNJA_IDN) VALUES (2, 18);
INSERT INTO PRIPADA (KOREOGRAFIJA_IDK, NOSNJA_IDN) VALUES (2, 19);
INSERT INTO PRIPADA (KOREOGRAFIJA_IDK, NOSNJA_IDN) VALUES (2, 20);
INSERT INTO PRIPADA (KOREOGRAFIJA_IDK, NOSNJA_IDN) VALUES (2, 21);
INSERT INTO PRIPADA (KOREOGRAFIJA_IDK, NOSNJA_IDN) VALUES (2, 22);
INSERT INTO PRIPADA (KOREOGRAFIJA_IDK, NOSNJA_IDN) VALUES (2, 23);
INSERT INTO PRIPADA (KOREOGRAFIJA_IDK, NOSNJA_IDN) VALUES (2, 24);
INSERT INTO PRIPADA (KOREOGRAFIJA_IDK, NOSNJA_IDN) VALUES (2, 25);
INSERT INTO PRIPADA (KOREOGRAFIJA_IDK, NOSNJA_IDN) VALUES (2, 26);
INSERT INTO PRIPADA (KOREOGRAFIJA_IDK, NOSNJA_IDN) VALUES (2, 27);
INSERT INTO PRIPADA (KOREOGRAFIJA_IDK, NOSNJA_IDN) VALUES (2, 28);
INSERT INTO PRIPADA (KOREOGRAFIJA_IDK, NOSNJA_IDN) VALUES (2, 29);
INSERT INTO PRIPADA (KOREOGRAFIJA_IDK, NOSNJA_IDN) VALUES (2, 30);
INSERT INTO PRIPADA (KOREOGRAFIJA_IDK, NOSNJA_IDN) VALUES (2, 31);
INSERT INTO PRIPADA (KOREOGRAFIJA_IDK, NOSNJA_IDN) VALUES (2, 32);
INSERT INTO PRIPADA (KOREOGRAFIJA_IDK, NOSNJA_IDN) VALUES (2, 33);
INSERT INTO PRIPADA (KOREOGRAFIJA_IDK, NOSNJA_IDN) VALUES (2, 34);
INSERT INTO PRIPADA (KOREOGRAFIJA_IDK, NOSNJA_IDN) VALUES (2, 35);
INSERT INTO PRIPADA (KOREOGRAFIJA_IDK, NOSNJA_IDN) VALUES (2, 36);
INSERT INTO PRIPADA (KOREOGRAFIJA_IDK, NOSNJA_IDN) VALUES (3, 37);
INSERT INTO PRIPADA (KOREOGRAFIJA_IDK, NOSNJA_IDN) VALUES (3, 38);
INSERT INTO PRIPADA (KOREOGRAFIJA_IDK, NOSNJA_IDN) VALUES (3, 39);
INSERT INTO PRIPADA (KOREOGRAFIJA_IDK, NOSNJA_IDN) VALUES (3, 40);
INSERT INTO PRIPADA (KOREOGRAFIJA_IDK, NOSNJA_IDN) VALUES (3, 41);
INSERT INTO PRIPADA (KOREOGRAFIJA_IDK, NOSNJA_IDN) VALUES (3, 42);
INSERT INTO PRIPADA (KOREOGRAFIJA_IDK, NOSNJA_IDN) VALUES (3, 43);
INSERT INTO PRIPADA (KOREOGRAFIJA_IDK, NOSNJA_IDN) VALUES (3, 44);
INSERT INTO PRIPADA (KOREOGRAFIJA_IDK, NOSNJA_IDN) VALUES (3, 45);
INSERT INTO PRIPADA (KOREOGRAFIJA_IDK, NOSNJA_IDN) VALUES (3, 46);
INSERT INTO PRIPADA (KOREOGRAFIJA_IDK, NOSNJA_IDN) VALUES (3, 47);
INSERT INTO PRIPADA (KOREOGRAFIJA_IDK, NOSNJA_IDN) VALUES (3, 48);
INSERT INTO PRIPADA (KOREOGRAFIJA_IDK, NOSNJA_IDN) VALUES (3, 49);
INSERT INTO PRIPADA (KOREOGRAFIJA_IDK, NOSNJA_IDN) VALUES (3, 50);
INSERT INTO PRIPADA (KOREOGRAFIJA_IDK, NOSNJA_IDN) VALUES (3, 51);
INSERT INTO PRIPADA (KOREOGRAFIJA_IDK, NOSNJA_IDN) VALUES (3, 52);
INSERT INTO PRIPADA (KOREOGRAFIJA_IDK, NOSNJA_IDN) VALUES (3, 53);
INSERT INTO PRIPADA (KOREOGRAFIJA_IDK, NOSNJA_IDN) VALUES (3, 54);
INSERT INTO PRIPADA (KOREOGRAFIJA_IDK, NOSNJA_IDN) VALUES (3, 55);
INSERT INTO PRIPADA (KOREOGRAFIJA_IDK, NOSNJA_IDN) VALUES (3, 56);
INSERT INTO PRIPADA (KOREOGRAFIJA_IDK, NOSNJA_IDN) VALUES (3, 57);
INSERT INTO PRIPADA (KOREOGRAFIJA_IDK, NOSNJA_IDN) VALUES (3, 58);
INSERT INTO PRIPADA (KOREOGRAFIJA_IDK, NOSNJA_IDN) VALUES (3, 59);
INSERT INTO PRIPADA (KOREOGRAFIJA_IDK, NOSNJA_IDN) VALUES (3, 60);
INSERT INTO PRIPADA (KOREOGRAFIJA_IDK, NOSNJA_IDN) VALUES (4, 61);
INSERT INTO PRIPADA (KOREOGRAFIJA_IDK, NOSNJA_IDN) VALUES (4, 62);
INSERT INTO PRIPADA (KOREOGRAFIJA_IDK, NOSNJA_IDN) VALUES (4, 63);
INSERT INTO PRIPADA (KOREOGRAFIJA_IDK, NOSNJA_IDN) VALUES (4, 64);
INSERT INTO PRIPADA (KOREOGRAFIJA_IDK, NOSNJA_IDN) VALUES (4, 65);
INSERT INTO PRIPADA (KOREOGRAFIJA_IDK, NOSNJA_IDN) VALUES (4, 66);
INSERT INTO PRIPADA (KOREOGRAFIJA_IDK, NOSNJA_IDN) VALUES (4, 67);
INSERT INTO PRIPADA (KOREOGRAFIJA_IDK, NOSNJA_IDN) VALUES (4, 68);
INSERT INTO PRIPADA (KOREOGRAFIJA_IDK, NOSNJA_IDN) VALUES (4, 69);
INSERT INTO PRIPADA (KOREOGRAFIJA_IDK, NOSNJA_IDN) VALUES (4, 70);
INSERT INTO PRIPADA (KOREOGRAFIJA_IDK, NOSNJA_IDN) VALUES (4, 71);
INSERT INTO PRIPADA (KOREOGRAFIJA_IDK, NOSNJA_IDN) VALUES (4, 72);
INSERT INTO PRIPADA (KOREOGRAFIJA_IDK, NOSNJA_IDN) VALUES (4, 73);
INSERT INTO PRIPADA (KOREOGRAFIJA_IDK, NOSNJA_IDN) VALUES (4, 74);
INSERT INTO PRIPADA (KOREOGRAFIJA_IDK, NOSNJA_IDN) VALUES (4, 75);
INSERT INTO PRIPADA (KOREOGRAFIJA_IDK, NOSNJA_IDN) VALUES (4, 76);
INSERT INTO PRIPADA (KOREOGRAFIJA_IDK, NOSNJA_IDN) VALUES (4, 77);
INSERT INTO PRIPADA (KOREOGRAFIJA_IDK, NOSNJA_IDN) VALUES (4, 78);
INSERT INTO PRIPADA (KOREOGRAFIJA_IDK, NOSNJA_IDN) VALUES (4, 79);
INSERT INTO PRIPADA (KOREOGRAFIJA_IDK, NOSNJA_IDN) VALUES (4, 80);
INSERT INTO PRIPADA (KOREOGRAFIJA_IDK, NOSNJA_IDN) VALUES (4, 81);
INSERT INTO PRIPADA (KOREOGRAFIJA_IDK, NOSNJA_IDN) VALUES (4, 82);
INSERT INTO PRIPADA (KOREOGRAFIJA_IDK, NOSNJA_IDN) VALUES (4, 83);
INSERT INTO PRIPADA (KOREOGRAFIJA_IDK, NOSNJA_IDN) VALUES (4, 84);
INSERT INTO PRIPADA (KOREOGRAFIJA_IDK, NOSNJA_IDN) VALUES (5, 85);
INSERT INTO PRIPADA (KOREOGRAFIJA_IDK, NOSNJA_IDN) VALUES (5, 86);
INSERT INTO PRIPADA (KOREOGRAFIJA_IDK, NOSNJA_IDN) VALUES (5, 87);
INSERT INTO PRIPADA (KOREOGRAFIJA_IDK, NOSNJA_IDN) VALUES (5, 88);
INSERT INTO PRIPADA (KOREOGRAFIJA_IDK, NOSNJA_IDN) VALUES (5, 89);
INSERT INTO PRIPADA (KOREOGRAFIJA_IDK, NOSNJA_IDN) VALUES (5, 90);
INSERT INTO PRIPADA (KOREOGRAFIJA_IDK, NOSNJA_IDN) VALUES (5, 91);
INSERT INTO PRIPADA (KOREOGRAFIJA_IDK, NOSNJA_IDN) VALUES (5, 92);
INSERT INTO PRIPADA (KOREOGRAFIJA_IDK, NOSNJA_IDN) VALUES (5, 93);
INSERT INTO PRIPADA (KOREOGRAFIJA_IDK, NOSNJA_IDN) VALUES (5, 94);
INSERT INTO PRIPADA (KOREOGRAFIJA_IDK, NOSNJA_IDN) VALUES (5, 95);
INSERT INTO PRIPADA (KOREOGRAFIJA_IDK, NOSNJA_IDN) VALUES (5, 96);
INSERT INTO PRIPADA (KOREOGRAFIJA_IDK, NOSNJA_IDN) VALUES (5, 97);
INSERT INTO PRIPADA (KOREOGRAFIJA_IDK, NOSNJA_IDN) VALUES (5, 98);
INSERT INTO PRIPADA (KOREOGRAFIJA_IDK, NOSNJA_IDN) VALUES (5, 99);
INSERT INTO PRIPADA (KOREOGRAFIJA_IDK, NOSNJA_IDN) VALUES (5, 100);
INSERT INTO PRIPADA (KOREOGRAFIJA_IDK, NOSNJA_IDN) VALUES (5, 101);
INSERT INTO PRIPADA (KOREOGRAFIJA_IDK, NOSNJA_IDN) VALUES (5, 102);
INSERT INTO PRIPADA (KOREOGRAFIJA_IDK, NOSNJA_IDN) VALUES (5, 103);
INSERT INTO PRIPADA (KOREOGRAFIJA_IDK, NOSNJA_IDN) VALUES (5, 104);
INSERT INTO PRIPADA (KOREOGRAFIJA_IDK, NOSNJA_IDN) VALUES (5, 105);
INSERT INTO PRIPADA (KOREOGRAFIJA_IDK, NOSNJA_IDN) VALUES (5, 106);
INSERT INTO PRIPADA (KOREOGRAFIJA_IDK, NOSNJA_IDN) VALUES (5, 107);
INSERT INTO PRIPADA (KOREOGRAFIJA_IDK, NOSNJA_IDN) VALUES (5, 108);
INSERT INTO PRIPADA (KOREOGRAFIJA_IDK, NOSNJA_IDN) VALUES (6, 109);
INSERT INTO PRIPADA (KOREOGRAFIJA_IDK, NOSNJA_IDN) VALUES (6, 110);
INSERT INTO PRIPADA (KOREOGRAFIJA_IDK, NOSNJA_IDN) VALUES (6, 111);
INSERT INTO PRIPADA (KOREOGRAFIJA_IDK, NOSNJA_IDN) VALUES (6, 112);
INSERT INTO PRIPADA (KOREOGRAFIJA_IDK, NOSNJA_IDN) VALUES (6, 113);
INSERT INTO PRIPADA (KOREOGRAFIJA_IDK, NOSNJA_IDN) VALUES (6, 114);
INSERT INTO PRIPADA (KOREOGRAFIJA_IDK, NOSNJA_IDN) VALUES (6, 115);
INSERT INTO PRIPADA (KOREOGRAFIJA_IDK, NOSNJA_IDN) VALUES (6, 116);
INSERT INTO PRIPADA (KOREOGRAFIJA_IDK, NOSNJA_IDN) VALUES (6, 117);
INSERT INTO PRIPADA (KOREOGRAFIJA_IDK, NOSNJA_IDN) VALUES (6, 118);
INSERT INTO PRIPADA (KOREOGRAFIJA_IDK, NOSNJA_IDN) VALUES (6, 119);
INSERT INTO PRIPADA (KOREOGRAFIJA_IDK, NOSNJA_IDN) VALUES (6, 120);
INSERT INTO PRIPADA (KOREOGRAFIJA_IDK, NOSNJA_IDN) VALUES (6, 121);
INSERT INTO PRIPADA (KOREOGRAFIJA_IDK, NOSNJA_IDN) VALUES (6, 122);
INSERT INTO PRIPADA (KOREOGRAFIJA_IDK, NOSNJA_IDN) VALUES (6, 123);
INSERT INTO PRIPADA (KOREOGRAFIJA_IDK, NOSNJA_IDN) VALUES (6, 124);
INSERT INTO PRIPADA (KOREOGRAFIJA_IDK, NOSNJA_IDN) VALUES (6, 125);
INSERT INTO PRIPADA (KOREOGRAFIJA_IDK, NOSNJA_IDN) VALUES (6, 126);
INSERT INTO PRIPADA (KOREOGRAFIJA_IDK, NOSNJA_IDN) VALUES (6, 127);
INSERT INTO PRIPADA (KOREOGRAFIJA_IDK, NOSNJA_IDN) VALUES (6, 128);
INSERT INTO PRIPADA (KOREOGRAFIJA_IDK, NOSNJA_IDN) VALUES (6, 129);
INSERT INTO PRIPADA (KOREOGRAFIJA_IDK, NOSNJA_IDN) VALUES (6, 130);
INSERT INTO PRIPADA (KOREOGRAFIJA_IDK, NOSNJA_IDN) VALUES (6, 131);
INSERT INTO PRIPADA (KOREOGRAFIJA_IDK, NOSNJA_IDN) VALUES (6, 132);
INSERT INTO PRIPADA (KOREOGRAFIJA_IDK, NOSNJA_IDN) VALUES (7, 133);
INSERT INTO PRIPADA (KOREOGRAFIJA_IDK, NOSNJA_IDN) VALUES (7, 134);
INSERT INTO PRIPADA (KOREOGRAFIJA_IDK, NOSNJA_IDN) VALUES (7, 135);
INSERT INTO PRIPADA (KOREOGRAFIJA_IDK, NOSNJA_IDN) VALUES (7, 136);
INSERT INTO PRIPADA (KOREOGRAFIJA_IDK, NOSNJA_IDN) VALUES (7, 137);
INSERT INTO PRIPADA (KOREOGRAFIJA_IDK, NOSNJA_IDN) VALUES (7, 138);
INSERT INTO PRIPADA (KOREOGRAFIJA_IDK, NOSNJA_IDN) VALUES (7, 139);
INSERT INTO PRIPADA (KOREOGRAFIJA_IDK, NOSNJA_IDN) VALUES (7, 140);
INSERT INTO PRIPADA (KOREOGRAFIJA_IDK, NOSNJA_IDN) VALUES (7, 141);
INSERT INTO PRIPADA (KOREOGRAFIJA_IDK, NOSNJA_IDN) VALUES (7, 142);
INSERT INTO PRIPADA (KOREOGRAFIJA_IDK, NOSNJA_IDN) VALUES (7, 143);
INSERT INTO PRIPADA (KOREOGRAFIJA_IDK, NOSNJA_IDN) VALUES (7, 144);
INSERT INTO PRIPADA (KOREOGRAFIJA_IDK, NOSNJA_IDN) VALUES (7, 145);
INSERT INTO PRIPADA (KOREOGRAFIJA_IDK, NOSNJA_IDN) VALUES (7, 146);
INSERT INTO PRIPADA (KOREOGRAFIJA_IDK, NOSNJA_IDN) VALUES (7, 147);
INSERT INTO PRIPADA (KOREOGRAFIJA_IDK, NOSNJA_IDN) VALUES (7, 148);
INSERT INTO PRIPADA (KOREOGRAFIJA_IDK, NOSNJA_IDN) VALUES (7, 149);
INSERT INTO PRIPADA (KOREOGRAFIJA_IDK, NOSNJA_IDN) VALUES (7, 150);
INSERT INTO PRIPADA (KOREOGRAFIJA_IDK, NOSNJA_IDN) VALUES (7, 151);
INSERT INTO PRIPADA (KOREOGRAFIJA_IDK, NOSNJA_IDN) VALUES (7, 152);
INSERT INTO PRIPADA (KOREOGRAFIJA_IDK, NOSNJA_IDN) VALUES (7, 153);
INSERT INTO PRIPADA (KOREOGRAFIJA_IDK, NOSNJA_IDN) VALUES (7, 154);
INSERT INTO PRIPADA (KOREOGRAFIJA_IDK, NOSNJA_IDN) VALUES (7, 155);
INSERT INTO PRIPADA (KOREOGRAFIJA_IDK, NOSNJA_IDN) VALUES (7, 156);
INSERT INTO PRIPADA (KOREOGRAFIJA_IDK, NOSNJA_IDN) VALUES (8, 157);
INSERT INTO PRIPADA (KOREOGRAFIJA_IDK, NOSNJA_IDN) VALUES (8, 158);
INSERT INTO PRIPADA (KOREOGRAFIJA_IDK, NOSNJA_IDN) VALUES (8, 159);
INSERT INTO PRIPADA (KOREOGRAFIJA_IDK, NOSNJA_IDN) VALUES (8, 160);
INSERT INTO PRIPADA (KOREOGRAFIJA_IDK, NOSNJA_IDN) VALUES (8, 161);
INSERT INTO PRIPADA (KOREOGRAFIJA_IDK, NOSNJA_IDN) VALUES (8, 162);
INSERT INTO PRIPADA (KOREOGRAFIJA_IDK, NOSNJA_IDN) VALUES (8, 163);
INSERT INTO PRIPADA (KOREOGRAFIJA_IDK, NOSNJA_IDN) VALUES (8, 164);
INSERT INTO PRIPADA (KOREOGRAFIJA_IDK, NOSNJA_IDN) VALUES (8, 165);
INSERT INTO PRIPADA (KOREOGRAFIJA_IDK, NOSNJA_IDN) VALUES (8, 166);
INSERT INTO PRIPADA (KOREOGRAFIJA_IDK, NOSNJA_IDN) VALUES (8, 167);
INSERT INTO PRIPADA (KOREOGRAFIJA_IDK, NOSNJA_IDN) VALUES (8, 168);
INSERT INTO PRIPADA (KOREOGRAFIJA_IDK, NOSNJA_IDN) VALUES (8, 169);
INSERT INTO PRIPADA (KOREOGRAFIJA_IDK, NOSNJA_IDN) VALUES (8, 170);
INSERT INTO PRIPADA (KOREOGRAFIJA_IDK, NOSNJA_IDN) VALUES (8, 171);
INSERT INTO PRIPADA (KOREOGRAFIJA_IDK, NOSNJA_IDN) VALUES (8, 172);
INSERT INTO PRIPADA (KOREOGRAFIJA_IDK, NOSNJA_IDN) VALUES (8, 173);
INSERT INTO PRIPADA (KOREOGRAFIJA_IDK, NOSNJA_IDN) VALUES (8, 174);
INSERT INTO PRIPADA (KOREOGRAFIJA_IDK, NOSNJA_IDN) VALUES (8, 175);
INSERT INTO PRIPADA (KOREOGRAFIJA_IDK, NOSNJA_IDN) VALUES (8, 176);
INSERT INTO PRIPADA (KOREOGRAFIJA_IDK, NOSNJA_IDN) VALUES (8, 177);
INSERT INTO PRIPADA (KOREOGRAFIJA_IDK, NOSNJA_IDN) VALUES (8, 178);
INSERT INTO PRIPADA (KOREOGRAFIJA_IDK, NOSNJA_IDN) VALUES (8, 179);
INSERT INTO PRIPADA (KOREOGRAFIJA_IDK, NOSNJA_IDN) VALUES (8, 180);
INSERT INTO PRIPADA (KOREOGRAFIJA_IDK, NOSNJA_IDN) VALUES (9, 181);
INSERT INTO PRIPADA (KOREOGRAFIJA_IDK, NOSNJA_IDN) VALUES (9, 182);
INSERT INTO PRIPADA (KOREOGRAFIJA_IDK, NOSNJA_IDN) VALUES (9, 183);
INSERT INTO PRIPADA (KOREOGRAFIJA_IDK, NOSNJA_IDN) VALUES (9, 184);
INSERT INTO PRIPADA (KOREOGRAFIJA_IDK, NOSNJA_IDN) VALUES (9, 185);
INSERT INTO PRIPADA (KOREOGRAFIJA_IDK, NOSNJA_IDN) VALUES (9, 186);
INSERT INTO PRIPADA (KOREOGRAFIJA_IDK, NOSNJA_IDN) VALUES (9, 187);
INSERT INTO PRIPADA (KOREOGRAFIJA_IDK, NOSNJA_IDN) VALUES (9, 188);
INSERT INTO PRIPADA (KOREOGRAFIJA_IDK, NOSNJA_IDN) VALUES (9, 189);
INSERT INTO PRIPADA (KOREOGRAFIJA_IDK, NOSNJA_IDN) VALUES (9, 190);
INSERT INTO PRIPADA (KOREOGRAFIJA_IDK, NOSNJA_IDN) VALUES (9, 191);
INSERT INTO PRIPADA (KOREOGRAFIJA_IDK, NOSNJA_IDN) VALUES (9, 192);
INSERT INTO PRIPADA (KOREOGRAFIJA_IDK, NOSNJA_IDN) VALUES (9, 193);
INSERT INTO PRIPADA (KOREOGRAFIJA_IDK, NOSNJA_IDN) VALUES (9, 194);
INSERT INTO PRIPADA (KOREOGRAFIJA_IDK, NOSNJA_IDN) VALUES (9, 195);
INSERT INTO PRIPADA (KOREOGRAFIJA_IDK, NOSNJA_IDN) VALUES (9, 196);
INSERT INTO PRIPADA (KOREOGRAFIJA_IDK, NOSNJA_IDN) VALUES (9, 197);
INSERT INTO PRIPADA (KOREOGRAFIJA_IDK, NOSNJA_IDN) VALUES (9, 198);
INSERT INTO PRIPADA (KOREOGRAFIJA_IDK, NOSNJA_IDN) VALUES (9, 199);
INSERT INTO PRIPADA (KOREOGRAFIJA_IDK, NOSNJA_IDN) VALUES (9, 200);
INSERT INTO PRIPADA (KOREOGRAFIJA_IDK, NOSNJA_IDN) VALUES (9, 201);
INSERT INTO PRIPADA (KOREOGRAFIJA_IDK, NOSNJA_IDN) VALUES (9, 202);
INSERT INTO PRIPADA (KOREOGRAFIJA_IDK, NOSNJA_IDN) VALUES (9, 203);
INSERT INTO PRIPADA (KOREOGRAFIJA_IDK, NOSNJA_IDN) VALUES (9, 204);
INSERT INTO PRIPADA (KOREOGRAFIJA_IDK, NOSNJA_IDN) VALUES (10, 205);
INSERT INTO PRIPADA (KOREOGRAFIJA_IDK, NOSNJA_IDN) VALUES (10, 206);
INSERT INTO PRIPADA (KOREOGRAFIJA_IDK, NOSNJA_IDN) VALUES (10, 207);
INSERT INTO PRIPADA (KOREOGRAFIJA_IDK, NOSNJA_IDN) VALUES (10, 208);
INSERT INTO PRIPADA (KOREOGRAFIJA_IDK, NOSNJA_IDN) VALUES (10, 209);
INSERT INTO PRIPADA (KOREOGRAFIJA_IDK, NOSNJA_IDN) VALUES (10, 210);
INSERT INTO PRIPADA (KOREOGRAFIJA_IDK, NOSNJA_IDN) VALUES (10, 211);
INSERT INTO PRIPADA (KOREOGRAFIJA_IDK, NOSNJA_IDN) VALUES (10, 212);
INSERT INTO PRIPADA (KOREOGRAFIJA_IDK, NOSNJA_IDN) VALUES (10, 213);
INSERT INTO PRIPADA (KOREOGRAFIJA_IDK, NOSNJA_IDN) VALUES (10, 214);
INSERT INTO PRIPADA (KOREOGRAFIJA_IDK, NOSNJA_IDN) VALUES (10, 215);
INSERT INTO PRIPADA (KOREOGRAFIJA_IDK, NOSNJA_IDN) VALUES (10, 216);
INSERT INTO PRIPADA (KOREOGRAFIJA_IDK, NOSNJA_IDN) VALUES (10, 217);
INSERT INTO PRIPADA (KOREOGRAFIJA_IDK, NOSNJA_IDN) VALUES (10, 218);
INSERT INTO PRIPADA (KOREOGRAFIJA_IDK, NOSNJA_IDN) VALUES (10, 219);
INSERT INTO PRIPADA (KOREOGRAFIJA_IDK, NOSNJA_IDN) VALUES (10, 220);
INSERT INTO PRIPADA (KOREOGRAFIJA_IDK, NOSNJA_IDN) VALUES (10, 221);
INSERT INTO PRIPADA (KOREOGRAFIJA_IDK, NOSNJA_IDN) VALUES (10, 222);
INSERT INTO PRIPADA (KOREOGRAFIJA_IDK, NOSNJA_IDN) VALUES (10, 223);
INSERT INTO PRIPADA (KOREOGRAFIJA_IDK, NOSNJA_IDN) VALUES (10, 224);
INSERT INTO PRIPADA (KOREOGRAFIJA_IDK, NOSNJA_IDN) VALUES (10, 225);
INSERT INTO PRIPADA (KOREOGRAFIJA_IDK, NOSNJA_IDN) VALUES (10, 226);
INSERT INTO PRIPADA (KOREOGRAFIJA_IDK, NOSNJA_IDN) VALUES (10, 227);
INSERT INTO PRIPADA (KOREOGRAFIJA_IDK, NOSNJA_IDN) VALUES (10, 228);
INSERT INTO PRIPADA (KOREOGRAFIJA_IDK, NOSNJA_IDN) VALUES (11, 229);
INSERT INTO PRIPADA (KOREOGRAFIJA_IDK, NOSNJA_IDN) VALUES (11, 230);
INSERT INTO PRIPADA (KOREOGRAFIJA_IDK, NOSNJA_IDN) VALUES (11, 231);
INSERT INTO PRIPADA (KOREOGRAFIJA_IDK, NOSNJA_IDN) VALUES (11, 232);
INSERT INTO PRIPADA (KOREOGRAFIJA_IDK, NOSNJA_IDN) VALUES (11, 233);
INSERT INTO PRIPADA (KOREOGRAFIJA_IDK, NOSNJA_IDN) VALUES (11, 234);
INSERT INTO PRIPADA (KOREOGRAFIJA_IDK, NOSNJA_IDN) VALUES (11, 235);
INSERT INTO PRIPADA (KOREOGRAFIJA_IDK, NOSNJA_IDN) VALUES (11, 236);
INSERT INTO PRIPADA (KOREOGRAFIJA_IDK, NOSNJA_IDN) VALUES (11, 237);
INSERT INTO PRIPADA (KOREOGRAFIJA_IDK, NOSNJA_IDN) VALUES (11, 238);
INSERT INTO PRIPADA (KOREOGRAFIJA_IDK, NOSNJA_IDN) VALUES (11, 239);
INSERT INTO PRIPADA (KOREOGRAFIJA_IDK, NOSNJA_IDN) VALUES (11, 240);
INSERT INTO PRIPADA (KOREOGRAFIJA_IDK, NOSNJA_IDN) VALUES (11, 241);
INSERT INTO PRIPADA (KOREOGRAFIJA_IDK, NOSNJA_IDN) VALUES (11, 242);
INSERT INTO PRIPADA (KOREOGRAFIJA_IDK, NOSNJA_IDN) VALUES (11, 243);
INSERT INTO PRIPADA (KOREOGRAFIJA_IDK, NOSNJA_IDN) VALUES (11, 244);
INSERT INTO PRIPADA (KOREOGRAFIJA_IDK, NOSNJA_IDN) VALUES (11, 245);
INSERT INTO PRIPADA (KOREOGRAFIJA_IDK, NOSNJA_IDN) VALUES (11, 246);
INSERT INTO PRIPADA (KOREOGRAFIJA_IDK, NOSNJA_IDN) VALUES (11, 247);
INSERT INTO PRIPADA (KOREOGRAFIJA_IDK, NOSNJA_IDN) VALUES (11, 248);
INSERT INTO PRIPADA (KOREOGRAFIJA_IDK, NOSNJA_IDN) VALUES (11, 249);
INSERT INTO PRIPADA (KOREOGRAFIJA_IDK, NOSNJA_IDN) VALUES (11, 250);
INSERT INTO PRIPADA (KOREOGRAFIJA_IDK, NOSNJA_IDN) VALUES (11, 251);
INSERT INTO PRIPADA (KOREOGRAFIJA_IDK, NOSNJA_IDN) VALUES (11, 252);
INSERT INTO PRIPADA (KOREOGRAFIJA_IDK, NOSNJA_IDN) VALUES (12, 253);
INSERT INTO PRIPADA (KOREOGRAFIJA_IDK, NOSNJA_IDN) VALUES (12, 254);
INSERT INTO PRIPADA (KOREOGRAFIJA_IDK, NOSNJA_IDN) VALUES (12, 255);
INSERT INTO PRIPADA (KOREOGRAFIJA_IDK, NOSNJA_IDN) VALUES (12, 256);
INSERT INTO PRIPADA (KOREOGRAFIJA_IDK, NOSNJA_IDN) VALUES (12, 257);
INSERT INTO PRIPADA (KOREOGRAFIJA_IDK, NOSNJA_IDN) VALUES (12, 258);
INSERT INTO PRIPADA (KOREOGRAFIJA_IDK, NOSNJA_IDN) VALUES (12, 259);
INSERT INTO PRIPADA (KOREOGRAFIJA_IDK, NOSNJA_IDN) VALUES (12, 260);
INSERT INTO PRIPADA (KOREOGRAFIJA_IDK, NOSNJA_IDN) VALUES (12, 261);
INSERT INTO PRIPADA (KOREOGRAFIJA_IDK, NOSNJA_IDN) VALUES (12, 262);
INSERT INTO PRIPADA (KOREOGRAFIJA_IDK, NOSNJA_IDN) VALUES (12, 263);
INSERT INTO PRIPADA (KOREOGRAFIJA_IDK, NOSNJA_IDN) VALUES (12, 264);
INSERT INTO PRIPADA (KOREOGRAFIJA_IDK, NOSNJA_IDN) VALUES (12, 265);
INSERT INTO PRIPADA (KOREOGRAFIJA_IDK, NOSNJA_IDN) VALUES (12, 266);
INSERT INTO PRIPADA (KOREOGRAFIJA_IDK, NOSNJA_IDN) VALUES (12, 267);
INSERT INTO PRIPADA (KOREOGRAFIJA_IDK, NOSNJA_IDN) VALUES (12, 268);
INSERT INTO PRIPADA (KOREOGRAFIJA_IDK, NOSNJA_IDN) VALUES (12, 269);
INSERT INTO PRIPADA (KOREOGRAFIJA_IDK, NOSNJA_IDN) VALUES (12, 270);
INSERT INTO PRIPADA (KOREOGRAFIJA_IDK, NOSNJA_IDN) VALUES (12, 271);
INSERT INTO PRIPADA (KOREOGRAFIJA_IDK, NOSNJA_IDN) VALUES (12, 272);
INSERT INTO PRIPADA (KOREOGRAFIJA_IDK, NOSNJA_IDN) VALUES (12, 273);
INSERT INTO PRIPADA (KOREOGRAFIJA_IDK, NOSNJA_IDN) VALUES (12, 274);
INSERT INTO PRIPADA (KOREOGRAFIJA_IDK, NOSNJA_IDN) VALUES (12, 275);
INSERT INTO PRIPADA (KOREOGRAFIJA_IDK, NOSNJA_IDN) VALUES (12, 276);
INSERT INTO PRIPADA (KOREOGRAFIJA_IDK, NOSNJA_IDN) VALUES (13, 277);
INSERT INTO PRIPADA (KOREOGRAFIJA_IDK, NOSNJA_IDN) VALUES (13, 278);
INSERT INTO PRIPADA (KOREOGRAFIJA_IDK, NOSNJA_IDN) VALUES (13, 279);
INSERT INTO PRIPADA (KOREOGRAFIJA_IDK, NOSNJA_IDN) VALUES (13, 280);
INSERT INTO PRIPADA (KOREOGRAFIJA_IDK, NOSNJA_IDN) VALUES (13, 281);
INSERT INTO PRIPADA (KOREOGRAFIJA_IDK, NOSNJA_IDN) VALUES (13, 282);
INSERT INTO PRIPADA (KOREOGRAFIJA_IDK, NOSNJA_IDN) VALUES (13, 283);
INSERT INTO PRIPADA (KOREOGRAFIJA_IDK, NOSNJA_IDN) VALUES (13, 284);
INSERT INTO PRIPADA (KOREOGRAFIJA_IDK, NOSNJA_IDN) VALUES (13, 285);
INSERT INTO PRIPADA (KOREOGRAFIJA_IDK, NOSNJA_IDN) VALUES (13, 286);
INSERT INTO PRIPADA (KOREOGRAFIJA_IDK, NOSNJA_IDN) VALUES (13, 287);
INSERT INTO PRIPADA (KOREOGRAFIJA_IDK, NOSNJA_IDN) VALUES (13, 288);
INSERT INTO PRIPADA (KOREOGRAFIJA_IDK, NOSNJA_IDN) VALUES (13, 289);
INSERT INTO PRIPADA (KOREOGRAFIJA_IDK, NOSNJA_IDN) VALUES (13, 290);
INSERT INTO PRIPADA (KOREOGRAFIJA_IDK, NOSNJA_IDN) VALUES (13, 291);
INSERT INTO PRIPADA (KOREOGRAFIJA_IDK, NOSNJA_IDN) VALUES (13, 292);
INSERT INTO PRIPADA (KOREOGRAFIJA_IDK, NOSNJA_IDN) VALUES (13, 293);
INSERT INTO PRIPADA (KOREOGRAFIJA_IDK, NOSNJA_IDN) VALUES (13, 294);
INSERT INTO PRIPADA (KOREOGRAFIJA_IDK, NOSNJA_IDN) VALUES (13, 295);
INSERT INTO PRIPADA (KOREOGRAFIJA_IDK, NOSNJA_IDN) VALUES (13, 296);
INSERT INTO PRIPADA (KOREOGRAFIJA_IDK, NOSNJA_IDN) VALUES (13, 297);
INSERT INTO PRIPADA (KOREOGRAFIJA_IDK, NOSNJA_IDN) VALUES (13, 298);
INSERT INTO PRIPADA (KOREOGRAFIJA_IDK, NOSNJA_IDN) VALUES (13, 299);
INSERT INTO PRIPADA (KOREOGRAFIJA_IDK, NOSNJA_IDN) VALUES (13, 300);
INSERT INTO PRIPADA (KOREOGRAFIJA_IDK, NOSNJA_IDN) VALUES (14, 301);
INSERT INTO PRIPADA (KOREOGRAFIJA_IDK, NOSNJA_IDN) VALUES (14, 302);
INSERT INTO PRIPADA (KOREOGRAFIJA_IDK, NOSNJA_IDN) VALUES (14, 303);
INSERT INTO PRIPADA (KOREOGRAFIJA_IDK, NOSNJA_IDN) VALUES (14, 304);
INSERT INTO PRIPADA (KOREOGRAFIJA_IDK, NOSNJA_IDN) VALUES (14, 305);
INSERT INTO PRIPADA (KOREOGRAFIJA_IDK, NOSNJA_IDN) VALUES (14, 306);
INSERT INTO PRIPADA (KOREOGRAFIJA_IDK, NOSNJA_IDN) VALUES (14, 307);
INSERT INTO PRIPADA (KOREOGRAFIJA_IDK, NOSNJA_IDN) VALUES (14, 308);
INSERT INTO PRIPADA (KOREOGRAFIJA_IDK, NOSNJA_IDN) VALUES (14, 309);
INSERT INTO PRIPADA (KOREOGRAFIJA_IDK, NOSNJA_IDN) VALUES (14, 310);
INSERT INTO PRIPADA (KOREOGRAFIJA_IDK, NOSNJA_IDN) VALUES (14, 311);
INSERT INTO PRIPADA (KOREOGRAFIJA_IDK, NOSNJA_IDN) VALUES (14, 312);
INSERT INTO PRIPADA (KOREOGRAFIJA_IDK, NOSNJA_IDN) VALUES (14, 313);
INSERT INTO PRIPADA (KOREOGRAFIJA_IDK, NOSNJA_IDN) VALUES (14, 314);
INSERT INTO PRIPADA (KOREOGRAFIJA_IDK, NOSNJA_IDN) VALUES (14, 315);
INSERT INTO PRIPADA (KOREOGRAFIJA_IDK, NOSNJA_IDN) VALUES (14, 316);
INSERT INTO PRIPADA (KOREOGRAFIJA_IDK, NOSNJA_IDN) VALUES (14, 317);
INSERT INTO PRIPADA (KOREOGRAFIJA_IDK, NOSNJA_IDN) VALUES (14, 318);
INSERT INTO PRIPADA (KOREOGRAFIJA_IDK, NOSNJA_IDN) VALUES (14, 319);
INSERT INTO PRIPADA (KOREOGRAFIJA_IDK, NOSNJA_IDN) VALUES (14, 320);
INSERT INTO PRIPADA (KOREOGRAFIJA_IDK, NOSNJA_IDN) VALUES (14, 321);
INSERT INTO PRIPADA (KOREOGRAFIJA_IDK, NOSNJA_IDN) VALUES (14, 322);
INSERT INTO PRIPADA (KOREOGRAFIJA_IDK, NOSNJA_IDN) VALUES (14, 323);
INSERT INTO PRIPADA (KOREOGRAFIJA_IDK, NOSNJA_IDN) VALUES (14, 324);
INSERT INTO PRIPADA (KOREOGRAFIJA_IDK, NOSNJA_IDN) VALUES (15, 325);
INSERT INTO PRIPADA (KOREOGRAFIJA_IDK, NOSNJA_IDN) VALUES (15, 326);
INSERT INTO PRIPADA (KOREOGRAFIJA_IDK, NOSNJA_IDN) VALUES (15, 327);
INSERT INTO PRIPADA (KOREOGRAFIJA_IDK, NOSNJA_IDN) VALUES (15, 328);
INSERT INTO PRIPADA (KOREOGRAFIJA_IDK, NOSNJA_IDN) VALUES (15, 329);
INSERT INTO PRIPADA (KOREOGRAFIJA_IDK, NOSNJA_IDN) VALUES (15, 330);
INSERT INTO PRIPADA (KOREOGRAFIJA_IDK, NOSNJA_IDN) VALUES (15, 331);
INSERT INTO PRIPADA (KOREOGRAFIJA_IDK, NOSNJA_IDN) VALUES (15, 332);
INSERT INTO PRIPADA (KOREOGRAFIJA_IDK, NOSNJA_IDN) VALUES (15, 333);
INSERT INTO PRIPADA (KOREOGRAFIJA_IDK, NOSNJA_IDN) VALUES (15, 334);
INSERT INTO PRIPADA (KOREOGRAFIJA_IDK, NOSNJA_IDN) VALUES (15, 335);
INSERT INTO PRIPADA (KOREOGRAFIJA_IDK, NOSNJA_IDN) VALUES (15, 336);
INSERT INTO PRIPADA (KOREOGRAFIJA_IDK, NOSNJA_IDN) VALUES (15, 337);
INSERT INTO PRIPADA (KOREOGRAFIJA_IDK, NOSNJA_IDN) VALUES (15, 338);
INSERT INTO PRIPADA (KOREOGRAFIJA_IDK, NOSNJA_IDN) VALUES (15, 339);
INSERT INTO PRIPADA (KOREOGRAFIJA_IDK, NOSNJA_IDN) VALUES (15, 340);
INSERT INTO PRIPADA (KOREOGRAFIJA_IDK, NOSNJA_IDN) VALUES (15, 341);
INSERT INTO PRIPADA (KOREOGRAFIJA_IDK, NOSNJA_IDN) VALUES (15, 342);
INSERT INTO PRIPADA (KOREOGRAFIJA_IDK, NOSNJA_IDN) VALUES (15, 343);
INSERT INTO PRIPADA (KOREOGRAFIJA_IDK, NOSNJA_IDN) VALUES (15, 344);
INSERT INTO PRIPADA (KOREOGRAFIJA_IDK, NOSNJA_IDN) VALUES (15, 345);
INSERT INTO PRIPADA (KOREOGRAFIJA_IDK, NOSNJA_IDN) VALUES (15, 346);
INSERT INTO PRIPADA (KOREOGRAFIJA_IDK, NOSNJA_IDN) VALUES (15, 347);
INSERT INTO PRIPADA (KOREOGRAFIJA_IDK, NOSNJA_IDN) VALUES (15, 348);
INSERT INTO PRIPADA (KOREOGRAFIJA_IDK, NOSNJA_IDN) VALUES (16, 349);
INSERT INTO PRIPADA (KOREOGRAFIJA_IDK, NOSNJA_IDN) VALUES (16, 350);
INSERT INTO PRIPADA (KOREOGRAFIJA_IDK, NOSNJA_IDN) VALUES (16, 351);
INSERT INTO PRIPADA (KOREOGRAFIJA_IDK, NOSNJA_IDN) VALUES (16, 352);
INSERT INTO PRIPADA (KOREOGRAFIJA_IDK, NOSNJA_IDN) VALUES (16, 353);
INSERT INTO PRIPADA (KOREOGRAFIJA_IDK, NOSNJA_IDN) VALUES (16, 354);
INSERT INTO PRIPADA (KOREOGRAFIJA_IDK, NOSNJA_IDN) VALUES (16, 355);
INSERT INTO PRIPADA (KOREOGRAFIJA_IDK, NOSNJA_IDN) VALUES (16, 356);
INSERT INTO PRIPADA (KOREOGRAFIJA_IDK, NOSNJA_IDN) VALUES (16, 357);
INSERT INTO PRIPADA (KOREOGRAFIJA_IDK, NOSNJA_IDN) VALUES (16, 358);
INSERT INTO PRIPADA (KOREOGRAFIJA_IDK, NOSNJA_IDN) VALUES (16, 359);
INSERT INTO PRIPADA (KOREOGRAFIJA_IDK, NOSNJA_IDN) VALUES (16, 360);
INSERT INTO PRIPADA (KOREOGRAFIJA_IDK, NOSNJA_IDN) VALUES (16, 361);
INSERT INTO PRIPADA (KOREOGRAFIJA_IDK, NOSNJA_IDN) VALUES (16, 362);
INSERT INTO PRIPADA (KOREOGRAFIJA_IDK, NOSNJA_IDN) VALUES (16, 363);
INSERT INTO PRIPADA (KOREOGRAFIJA_IDK, NOSNJA_IDN) VALUES (16, 364);
INSERT INTO PRIPADA (KOREOGRAFIJA_IDK, NOSNJA_IDN) VALUES (16, 365);
INSERT INTO PRIPADA (KOREOGRAFIJA_IDK, NOSNJA_IDN) VALUES (16, 366);
INSERT INTO PRIPADA (KOREOGRAFIJA_IDK, NOSNJA_IDN) VALUES (16, 367);
INSERT INTO PRIPADA (KOREOGRAFIJA_IDK, NOSNJA_IDN) VALUES (16, 368);
INSERT INTO PRIPADA (KOREOGRAFIJA_IDK, NOSNJA_IDN) VALUES (16, 369);
INSERT INTO PRIPADA (KOREOGRAFIJA_IDK, NOSNJA_IDN) VALUES (16, 370);
INSERT INTO PRIPADA (KOREOGRAFIJA_IDK, NOSNJA_IDN) VALUES (16, 371);
INSERT INTO PRIPADA (KOREOGRAFIJA_IDK, NOSNJA_IDN) VALUES (16, 372);
INSERT INTO PRIPADA (KOREOGRAFIJA_IDK, NOSNJA_IDN) VALUES (17, 373);
INSERT INTO PRIPADA (KOREOGRAFIJA_IDK, NOSNJA_IDN) VALUES (17, 374);
INSERT INTO PRIPADA (KOREOGRAFIJA_IDK, NOSNJA_IDN) VALUES (17, 375);
INSERT INTO PRIPADA (KOREOGRAFIJA_IDK, NOSNJA_IDN) VALUES (17, 376);
INSERT INTO PRIPADA (KOREOGRAFIJA_IDK, NOSNJA_IDN) VALUES (17, 377);
INSERT INTO PRIPADA (KOREOGRAFIJA_IDK, NOSNJA_IDN) VALUES (17, 378);
INSERT INTO PRIPADA (KOREOGRAFIJA_IDK, NOSNJA_IDN) VALUES (17, 379);
INSERT INTO PRIPADA (KOREOGRAFIJA_IDK, NOSNJA_IDN) VALUES (17, 380);
INSERT INTO PRIPADA (KOREOGRAFIJA_IDK, NOSNJA_IDN) VALUES (17, 381);
INSERT INTO PRIPADA (KOREOGRAFIJA_IDK, NOSNJA_IDN) VALUES (17, 382);
INSERT INTO PRIPADA (KOREOGRAFIJA_IDK, NOSNJA_IDN) VALUES (17, 383);
INSERT INTO PRIPADA (KOREOGRAFIJA_IDK, NOSNJA_IDN) VALUES (17, 384);
INSERT INTO PRIPADA (KOREOGRAFIJA_IDK, NOSNJA_IDN) VALUES (17, 385);
INSERT INTO PRIPADA (KOREOGRAFIJA_IDK, NOSNJA_IDN) VALUES (17, 386);
INSERT INTO PRIPADA (KOREOGRAFIJA_IDK, NOSNJA_IDN) VALUES (17, 387);
INSERT INTO PRIPADA (KOREOGRAFIJA_IDK, NOSNJA_IDN) VALUES (17, 388);
INSERT INTO PRIPADA (KOREOGRAFIJA_IDK, NOSNJA_IDN) VALUES (17, 389);
INSERT INTO PRIPADA (KOREOGRAFIJA_IDK, NOSNJA_IDN) VALUES (17, 390);
INSERT INTO PRIPADA (KOREOGRAFIJA_IDK, NOSNJA_IDN) VALUES (17, 391);
INSERT INTO PRIPADA (KOREOGRAFIJA_IDK, NOSNJA_IDN) VALUES (17, 392);
INSERT INTO PRIPADA (KOREOGRAFIJA_IDK, NOSNJA_IDN) VALUES (17, 393);
INSERT INTO PRIPADA (KOREOGRAFIJA_IDK, NOSNJA_IDN) VALUES (17, 394);
INSERT INTO PRIPADA (KOREOGRAFIJA_IDK, NOSNJA_IDN) VALUES (17, 395);
INSERT INTO PRIPADA (KOREOGRAFIJA_IDK, NOSNJA_IDN) VALUES (17, 396);
INSERT INTO PRIPADA (KOREOGRAFIJA_IDK, NOSNJA_IDN) VALUES (18, 397);
INSERT INTO PRIPADA (KOREOGRAFIJA_IDK, NOSNJA_IDN) VALUES (18, 398);
INSERT INTO PRIPADA (KOREOGRAFIJA_IDK, NOSNJA_IDN) VALUES (18, 399);
INSERT INTO PRIPADA (KOREOGRAFIJA_IDK, NOSNJA_IDN) VALUES (18, 400);
INSERT INTO PRIPADA (KOREOGRAFIJA_IDK, NOSNJA_IDN) VALUES (18, 401);
INSERT INTO PRIPADA (KOREOGRAFIJA_IDK, NOSNJA_IDN) VALUES (18, 402);
INSERT INTO PRIPADA (KOREOGRAFIJA_IDK, NOSNJA_IDN) VALUES (18, 403);
INSERT INTO PRIPADA (KOREOGRAFIJA_IDK, NOSNJA_IDN) VALUES (18, 404);
INSERT INTO PRIPADA (KOREOGRAFIJA_IDK, NOSNJA_IDN) VALUES (18, 405);
INSERT INTO PRIPADA (KOREOGRAFIJA_IDK, NOSNJA_IDN) VALUES (18, 406);
INSERT INTO PRIPADA (KOREOGRAFIJA_IDK, NOSNJA_IDN) VALUES (18, 407);
INSERT INTO PRIPADA (KOREOGRAFIJA_IDK, NOSNJA_IDN) VALUES (18, 408);
INSERT INTO PRIPADA (KOREOGRAFIJA_IDK, NOSNJA_IDN) VALUES (18, 409);
INSERT INTO PRIPADA (KOREOGRAFIJA_IDK, NOSNJA_IDN) VALUES (18, 410);
INSERT INTO PRIPADA (KOREOGRAFIJA_IDK, NOSNJA_IDN) VALUES (18, 411);
INSERT INTO PRIPADA (KOREOGRAFIJA_IDK, NOSNJA_IDN) VALUES (18, 412);
INSERT INTO PRIPADA (KOREOGRAFIJA_IDK, NOSNJA_IDN) VALUES (18, 413);
INSERT INTO PRIPADA (KOREOGRAFIJA_IDK, NOSNJA_IDN) VALUES (18, 414);
INSERT INTO PRIPADA (KOREOGRAFIJA_IDK, NOSNJA_IDN) VALUES (18, 415);
INSERT INTO PRIPADA (KOREOGRAFIJA_IDK, NOSNJA_IDN) VALUES (18, 416);
INSERT INTO PRIPADA (KOREOGRAFIJA_IDK, NOSNJA_IDN) VALUES (18, 417);
INSERT INTO PRIPADA (KOREOGRAFIJA_IDK, NOSNJA_IDN) VALUES (18, 418);
INSERT INTO PRIPADA (KOREOGRAFIJA_IDK, NOSNJA_IDN) VALUES (18, 419);
INSERT INTO PRIPADA (KOREOGRAFIJA_IDK, NOSNJA_IDN) VALUES (18, 420);
INSERT INTO PRIPADA (KOREOGRAFIJA_IDK, NOSNJA_IDN) VALUES (19, 421);
INSERT INTO PRIPADA (KOREOGRAFIJA_IDK, NOSNJA_IDN) VALUES (19, 422);
INSERT INTO PRIPADA (KOREOGRAFIJA_IDK, NOSNJA_IDN) VALUES (19, 423);
INSERT INTO PRIPADA (KOREOGRAFIJA_IDK, NOSNJA_IDN) VALUES (19, 424);
INSERT INTO PRIPADA (KOREOGRAFIJA_IDK, NOSNJA_IDN) VALUES (19, 425);
INSERT INTO PRIPADA (KOREOGRAFIJA_IDK, NOSNJA_IDN) VALUES (19, 426);
INSERT INTO PRIPADA (KOREOGRAFIJA_IDK, NOSNJA_IDN) VALUES (19, 427);
INSERT INTO PRIPADA (KOREOGRAFIJA_IDK, NOSNJA_IDN) VALUES (19, 428);
INSERT INTO PRIPADA (KOREOGRAFIJA_IDK, NOSNJA_IDN) VALUES (19, 429);
INSERT INTO PRIPADA (KOREOGRAFIJA_IDK, NOSNJA_IDN) VALUES (19, 430);
INSERT INTO PRIPADA (KOREOGRAFIJA_IDK, NOSNJA_IDN) VALUES (19, 431);
INSERT INTO PRIPADA (KOREOGRAFIJA_IDK, NOSNJA_IDN) VALUES (19, 432);
INSERT INTO PRIPADA (KOREOGRAFIJA_IDK, NOSNJA_IDN) VALUES (19, 433);
INSERT INTO PRIPADA (KOREOGRAFIJA_IDK, NOSNJA_IDN) VALUES (19, 434);
INSERT INTO PRIPADA (KOREOGRAFIJA_IDK, NOSNJA_IDN) VALUES (19, 435);
INSERT INTO PRIPADA (KOREOGRAFIJA_IDK, NOSNJA_IDN) VALUES (19, 436);
INSERT INTO PRIPADA (KOREOGRAFIJA_IDK, NOSNJA_IDN) VALUES (19, 437);
INSERT INTO PRIPADA (KOREOGRAFIJA_IDK, NOSNJA_IDN) VALUES (19, 438);
INSERT INTO PRIPADA (KOREOGRAFIJA_IDK, NOSNJA_IDN) VALUES (19, 439);
INSERT INTO PRIPADA (KOREOGRAFIJA_IDK, NOSNJA_IDN) VALUES (19, 440);
INSERT INTO PRIPADA (KOREOGRAFIJA_IDK, NOSNJA_IDN) VALUES (19, 441);
INSERT INTO PRIPADA (KOREOGRAFIJA_IDK, NOSNJA_IDN) VALUES (19, 442);
INSERT INTO PRIPADA (KOREOGRAFIJA_IDK, NOSNJA_IDN) VALUES (19, 443);
INSERT INTO PRIPADA (KOREOGRAFIJA_IDK, NOSNJA_IDN) VALUES (19, 444);
INSERT INTO PRIPADA (KOREOGRAFIJA_IDK, NOSNJA_IDN) VALUES (20, 445);
INSERT INTO PRIPADA (KOREOGRAFIJA_IDK, NOSNJA_IDN) VALUES (20, 446);
INSERT INTO PRIPADA (KOREOGRAFIJA_IDK, NOSNJA_IDN) VALUES (20, 447);
INSERT INTO PRIPADA (KOREOGRAFIJA_IDK, NOSNJA_IDN) VALUES (20, 448);
INSERT INTO PRIPADA (KOREOGRAFIJA_IDK, NOSNJA_IDN) VALUES (20, 449);
INSERT INTO PRIPADA (KOREOGRAFIJA_IDK, NOSNJA_IDN) VALUES (20, 450);
INSERT INTO PRIPADA (KOREOGRAFIJA_IDK, NOSNJA_IDN) VALUES (20, 451);
INSERT INTO PRIPADA (KOREOGRAFIJA_IDK, NOSNJA_IDN) VALUES (20, 452);
INSERT INTO PRIPADA (KOREOGRAFIJA_IDK, NOSNJA_IDN) VALUES (20, 453);
INSERT INTO PRIPADA (KOREOGRAFIJA_IDK, NOSNJA_IDN) VALUES (20, 454);
INSERT INTO PRIPADA (KOREOGRAFIJA_IDK, NOSNJA_IDN) VALUES (20, 455);
INSERT INTO PRIPADA (KOREOGRAFIJA_IDK, NOSNJA_IDN) VALUES (20, 456);
INSERT INTO PRIPADA (KOREOGRAFIJA_IDK, NOSNJA_IDN) VALUES (20, 457);
INSERT INTO PRIPADA (KOREOGRAFIJA_IDK, NOSNJA_IDN) VALUES (20, 458);
INSERT INTO PRIPADA (KOREOGRAFIJA_IDK, NOSNJA_IDN) VALUES (20, 459);
INSERT INTO PRIPADA (KOREOGRAFIJA_IDK, NOSNJA_IDN) VALUES (20, 460);
INSERT INTO PRIPADA (KOREOGRAFIJA_IDK, NOSNJA_IDN) VALUES (20, 461);
INSERT INTO PRIPADA (KOREOGRAFIJA_IDK, NOSNJA_IDN) VALUES (20, 462);
INSERT INTO PRIPADA (KOREOGRAFIJA_IDK, NOSNJA_IDN) VALUES (20, 463);
INSERT INTO PRIPADA (KOREOGRAFIJA_IDK, NOSNJA_IDN) VALUES (20, 464);
INSERT INTO PRIPADA (KOREOGRAFIJA_IDK, NOSNJA_IDN) VALUES (20, 465);
INSERT INTO PRIPADA (KOREOGRAFIJA_IDK, NOSNJA_IDN) VALUES (20, 466);
INSERT INTO PRIPADA (KOREOGRAFIJA_IDK, NOSNJA_IDN) VALUES (20, 467);
INSERT INTO PRIPADA (KOREOGRAFIJA_IDK, NOSNJA_IDN) VALUES (20, 468);
INSERT INTO PRIPADA (KOREOGRAFIJA_IDK, NOSNJA_IDN) VALUES (21, 469);
INSERT INTO PRIPADA (KOREOGRAFIJA_IDK, NOSNJA_IDN) VALUES (21, 470);
INSERT INTO PRIPADA (KOREOGRAFIJA_IDK, NOSNJA_IDN) VALUES (21, 471);
INSERT INTO PRIPADA (KOREOGRAFIJA_IDK, NOSNJA_IDN) VALUES (21, 472);
INSERT INTO PRIPADA (KOREOGRAFIJA_IDK, NOSNJA_IDN) VALUES (21, 473);
INSERT INTO PRIPADA (KOREOGRAFIJA_IDK, NOSNJA_IDN) VALUES (21, 474);
INSERT INTO PRIPADA (KOREOGRAFIJA_IDK, NOSNJA_IDN) VALUES (21, 475);
INSERT INTO PRIPADA (KOREOGRAFIJA_IDK, NOSNJA_IDN) VALUES (21, 476);
INSERT INTO PRIPADA (KOREOGRAFIJA_IDK, NOSNJA_IDN) VALUES (21, 477);
INSERT INTO PRIPADA (KOREOGRAFIJA_IDK, NOSNJA_IDN) VALUES (21, 478);
INSERT INTO PRIPADA (KOREOGRAFIJA_IDK, NOSNJA_IDN) VALUES (21, 479);
INSERT INTO PRIPADA (KOREOGRAFIJA_IDK, NOSNJA_IDN) VALUES (21, 480);
INSERT INTO PRIPADA (KOREOGRAFIJA_IDK, NOSNJA_IDN) VALUES (21, 481);
INSERT INTO PRIPADA (KOREOGRAFIJA_IDK, NOSNJA_IDN) VALUES (21, 482);
INSERT INTO PRIPADA (KOREOGRAFIJA_IDK, NOSNJA_IDN) VALUES (21, 483);
INSERT INTO PRIPADA (KOREOGRAFIJA_IDK, NOSNJA_IDN) VALUES (21, 484);
INSERT INTO PRIPADA (KOREOGRAFIJA_IDK, NOSNJA_IDN) VALUES (21, 485);
INSERT INTO PRIPADA (KOREOGRAFIJA_IDK, NOSNJA_IDN) VALUES (21, 486);
INSERT INTO PRIPADA (KOREOGRAFIJA_IDK, NOSNJA_IDN) VALUES (21, 487);
INSERT INTO PRIPADA (KOREOGRAFIJA_IDK, NOSNJA_IDN) VALUES (21, 488);
INSERT INTO PRIPADA (KOREOGRAFIJA_IDK, NOSNJA_IDN) VALUES (21, 489);
INSERT INTO PRIPADA (KOREOGRAFIJA_IDK, NOSNJA_IDN) VALUES (21, 490);
INSERT INTO PRIPADA (KOREOGRAFIJA_IDK, NOSNJA_IDN) VALUES (21, 491);
INSERT INTO PRIPADA (KOREOGRAFIJA_IDK, NOSNJA_IDN) VALUES (21, 492);


--ZAPOSLENI
INSERT INTO ZAPOSLENI (IDZ, IMEZ, PREZZ, JMBGZ, TIPZ, DATZAPZ, BRTELZ, KUD_IDKUD) VALUES (1, 'Marko', 'Markovic', '0505987181313', 'Koreograf', TO_DATE('2023-05-01', 'YYYY-MM-DD'), '066123321', 1);
INSERT INTO ZAPOSLENI (IDZ, IMEZ, PREZZ, JMBGZ, TIPZ, DATZAPZ, BRTELZ, KUD_IDKUD) VALUES (2, 'Ana', 'Petrovic', '0102987181312', 'Sekretar', TO_DATE('2023-06-01', 'YYYY-MM-DD'), '066123322', 1);
INSERT INTO ZAPOSLENI (IDZ, IMEZ, PREZZ, JMBGZ, TIPZ, DATZAPZ, BRTELZ, KUD_IDKUD) VALUES (3, 'Ivan', 'Jovanovic', '0204997181311', 'Predsjednik', TO_DATE('2023-04-15', 'YYYY-MM-DD'), '066123323', 1);
INSERT INTO ZAPOSLENI (IDZ, IMEZ, PREZZ, JMBGZ, TIPZ, DATZAPZ, BRTELZ, KUD_IDKUD) VALUES (4, 'Jovana', 'Nikolic', '0304987181310', 'Koreograf', TO_DATE('2022-08-10', 'YYYY-MM-DD'), '066123324', 2);
INSERT INTO ZAPOSLENI (IDZ, IMEZ, PREZZ, JMBGZ, TIPZ, DATZAPZ, BRTELZ, KUD_IDKUD) VALUES (5, 'Petar', 'Lazic', '2501987181309', 'Sekretar', TO_DATE('2021-12-05', 'YYYY-MM-DD'), '066123325', 2);
INSERT INTO ZAPOSLENI (IDZ, IMEZ, PREZZ, JMBGZ, TIPZ, DATZAPZ, BRTELZ, KUD_IDKUD) VALUES (6, 'Marija', 'Savić', '1206997181308', 'Predsjednik', TO_DATE('2020-03-22', 'YYYY-MM-DD'), '066123326', 2);
INSERT INTO ZAPOSLENI (IDZ, IMEZ, PREZZ, JMBGZ, TIPZ, DATZAPZ, BRTELZ, KUD_IDKUD) VALUES (7, 'Luka', 'Stojanovic', '0807987181307', 'Koreograf', TO_DATE('2022-11-15', 'YYYY-MM-DD'), '066123327', 3);
INSERT INTO ZAPOSLENI (IDZ, IMEZ, PREZZ, JMBGZ, TIPZ, DATZAPZ, BRTELZ, KUD_IDKUD) VALUES (8, 'Tamara', 'Vukovic', '1406987181306', 'Sekretar', TO_DATE('2019-07-30', 'YYYY-MM-DD'), '066123328', 3);
INSERT INTO ZAPOSLENI (IDZ, IMEZ, PREZZ, JMBGZ, TIPZ, DATZAPZ, BRTELZ, KUD_IDKUD) VALUES (9, 'Marko', 'Jovanović', '2505987181305', 'Predsjednik', TO_DATE('2021-02-12', 'YYYY-MM-DD'), '066123329', 3);
INSERT INTO ZAPOSLENI (IDZ, IMEZ, PREZZ, JMBGZ, TIPZ, DATZAPZ, BRTELZ, KUD_IDKUD) VALUES (10, 'Ivana', 'Tomić', '0704997181304', 'Koreograf', TO_DATE('2020-09-01', 'YYYY-MM-DD'), '066123330', 4);
INSERT INTO ZAPOSLENI (IDZ, IMEZ, PREZZ, JMBGZ, TIPZ, DATZAPZ, BRTELZ, KUD_IDKUD) VALUES (11, 'Nikola', 'Pavlovic', '1805997181303', 'Sekretar', TO_DATE('2018-05-15', 'YYYY-MM-DD'), '066123331', 4);
INSERT INTO ZAPOSLENI (IDZ, IMEZ, PREZZ, JMBGZ, TIPZ, DATZAPZ, BRTELZ, KUD_IDKUD) VALUES (12, 'Maja', 'Ristić', '1902987181302', 'Predsjednik', TO_DATE('2019-10-18', 'YYYY-MM-DD'), '066123332', 4);
INSERT INTO ZAPOSLENI (IDZ, IMEZ, PREZZ, JMBGZ, TIPZ, DATZAPZ, BRTELZ, KUD_IDKUD) VALUES (13, 'Stefan', 'Milenkovic', '1606997181301', 'Koreograf', TO_DATE('2022-01-01', 'YYYY-MM-DD'), '066123333', 5);
INSERT INTO ZAPOSLENI (IDZ, IMEZ, PREZZ, JMBGZ, TIPZ, DATZAPZ, BRTELZ, KUD_IDKUD) VALUES (14, 'Dajana', 'Vesic', '0507987181300', 'Sekretar', TO_DATE('2023-03-22', 'YYYY-MM-DD'), '066123334', 5);
INSERT INTO ZAPOSLENI (IDZ, IMEZ, PREZZ, JMBGZ, TIPZ, DATZAPZ, BRTELZ, KUD_IDKUD) VALUES (15, 'Ognjen', 'Krstic', '0101987181299', 'Predsjednik', TO_DATE('2021-12-10', 'YYYY-MM-DD'), '066123335', 5);
INSERT INTO ZAPOSLENI (IDZ, IMEZ, PREZZ, JMBGZ, TIPZ, DATZAPZ, BRTELZ, KUD_IDKUD) VALUES (16, 'Andjela', 'Jovanović', '1203997181298', 'Koreograf', TO_DATE('2019-04-11', 'YYYY-MM-DD'), '066123336', 6);
INSERT INTO ZAPOSLENI (IDZ, IMEZ, PREZZ, JMBGZ, TIPZ, DATZAPZ, BRTELZ, KUD_IDKUD) VALUES (17, 'Lazar', 'Mitrovic', '2902987181297', 'Sekretar', TO_DATE('2020-08-20', 'YYYY-MM-DD'), '066123337', 6);
INSERT INTO ZAPOSLENI (IDZ, IMEZ, PREZZ, JMBGZ, TIPZ, DATZAPZ, BRTELZ, KUD_IDKUD) VALUES (18, 'Tamara', 'Marković', '0406987181296', 'Predsjednik', TO_DATE('2021-01-25', 'YYYY-MM-DD'), '066123338', 6);
INSERT INTO ZAPOSLENI (IDZ, IMEZ, PREZZ, JMBGZ, TIPZ, DATZAPZ, BRTELZ, KUD_IDKUD) VALUES (19, 'Aleksandra', 'Radosavljević', '2502997181295', 'Koreograf', TO_DATE('2022-10-15', 'YYYY-MM-DD'), '066123339', 7);
INSERT INTO ZAPOSLENI (IDZ, IMEZ, PREZZ, JMBGZ, TIPZ, DATZAPZ, BRTELZ, KUD_IDKUD) VALUES (20, 'Nemanja', 'Savić', '1001987181294', 'Sekretar', TO_DATE('2023-01-05', 'YYYY-MM-DD'), '066123340', 7);
INSERT INTO ZAPOSLENI (IDZ, IMEZ, PREZZ, JMBGZ, TIPZ, DATZAPZ, BRTELZ, KUD_IDKUD) VALUES (21, 'Katarina', 'Milić', '1705987181293', 'Predsjednik', TO_DATE('2022-03-11', 'YYYY-MM-DD'), '066123341', 7);
INSERT INTO ZAPOSLENI (IDZ, IMEZ, PREZZ, JMBGZ, TIPZ, DATZAPZ, BRTELZ, KUD_IDKUD) VALUES (22, 'Milan', 'Petrović', '0604997181292', 'Koreograf', TO_DATE('2022-04-30', 'YYYY-MM-DD'), '066123342', 8);
INSERT INTO ZAPOSLENI (IDZ, IMEZ, PREZZ, JMBGZ, TIPZ, DATZAPZ, BRTELZ, KUD_IDKUD) VALUES (23, 'Tijana', 'Jovanović', '2202997181291', 'Sekretar', TO_DATE('2021-07-12', 'YYYY-MM-DD'), '066123343', 8);
INSERT INTO ZAPOSLENI (IDZ, IMEZ, PREZZ, JMBGZ, TIPZ, DATZAPZ, BRTELZ, KUD_IDKUD) VALUES (24, 'Goran', 'Nikolić', '1403997181290', 'Predsjednik', TO_DATE('2020-11-05', 'YYYY-MM-DD'), '066123344', 8);
INSERT INTO ZAPOSLENI (IDZ, IMEZ, PREZZ, JMBGZ, TIPZ, DATZAPZ, BRTELZ, KUD_IDKUD) VALUES (25, 'Kristina', 'Marković', '1701997181289', 'Koreograf', TO_DATE('2019-09-10', 'YYYY-MM-DD'), '066123345', 9);
INSERT INTO ZAPOSLENI (IDZ, IMEZ, PREZZ, JMBGZ, TIPZ, DATZAPZ, BRTELZ, KUD_IDKUD) VALUES (26, 'Aleksandar', 'Tomić', '0605997181288', 'Sekretar', TO_DATE('2020-10-22', 'YYYY-MM-DD'), '066123346', 9);
INSERT INTO ZAPOSLENI (IDZ, IMEZ, PREZZ, JMBGZ, TIPZ, DATZAPZ, BRTELZ, KUD_IDKUD) VALUES (27, 'Irena', 'Stojanović', '2802987181287', 'Predsjednik', TO_DATE('2021-06-18', 'YYYY-MM-DD'), '066123347', 9);
INSERT INTO ZAPOSLENI (IDZ, IMEZ, PREZZ, JMBGZ, TIPZ, DATZAPZ, BRTELZ, KUD_IDKUD) VALUES (28, 'Stefan', 'Nikolić', '1007987181286', 'Koreograf', TO_DATE('2022-02-05', 'YYYY-MM-DD'), '066123348', 10);
INSERT INTO ZAPOSLENI (IDZ, IMEZ, PREZZ, JMBGZ, TIPZ, DATZAPZ, BRTELZ, KUD_IDKUD) VALUES (29, 'Jelena', 'Kovačević', '2504987181285', 'Sekretar', TO_DATE('2023-01-29', 'YYYY-MM-DD'), '066123349', 10);
INSERT INTO ZAPOSLENI (IDZ, IMEZ, PREZZ, JMBGZ, TIPZ, DATZAPZ, BRTELZ, KUD_IDKUD) VALUES (30, 'Nina', 'Vučković', '1302997181284', 'Predsjednik', TO_DATE('2020-06-15', 'YYYY-MM-DD'), '066123350', 10);
INSERT INTO ZAPOSLENI (IDZ, IMEZ, PREZZ, JMBGZ, TIPZ, DATZAPZ, BRTELZ, KUD_IDKUD) VALUES (31, 'Nikola', 'Todorović', '1704997181283', 'Koreograf', TO_DATE('2022-11-25', 'YYYY-MM-DD'), '066123351', 11);
INSERT INTO ZAPOSLENI (IDZ, IMEZ, PREZZ, JMBGZ, TIPZ, DATZAPZ, BRTELZ, KUD_IDKUD) VALUES (32, 'Marija', 'Vasić', '0801987181282', 'Sekretar', TO_DATE('2021-10-10', 'YYYY-MM-DD'), '066123352', 11);
INSERT INTO ZAPOSLENI (IDZ, IMEZ, PREZZ, JMBGZ, TIPZ, DATZAPZ, BRTELZ, KUD_IDKUD) VALUES (33, 'Bojan', 'Jovanović', '1502997181281', 'Predsjednik', TO_DATE('2020-03-15', 'YYYY-MM-DD'), '066123353', 11);
INSERT INTO ZAPOSLENI (IDZ, IMEZ, PREZZ, JMBGZ, TIPZ, DATZAPZ, BRTELZ, KUD_IDKUD) VALUES (34, 'Vera', 'Milenić', '2007987181280', 'Koreograf', TO_DATE('2021-12-01', 'YYYY-MM-DD'), '066123354', 12);
INSERT INTO ZAPOSLENI (IDZ, IMEZ, PREZZ, JMBGZ, TIPZ, DATZAPZ, BRTELZ, KUD_IDKUD) VALUES (35, 'Mihailo', 'Ristić', '0903987181279', 'Sekretar', TO_DATE('2022-06-18', 'YYYY-MM-DD'), '066123355', 12);
INSERT INTO ZAPOSLENI (IDZ, IMEZ, PREZZ, JMBGZ, TIPZ, DATZAPZ, BRTELZ, KUD_IDKUD) VALUES (36, 'Lena', 'Savić', '1805987181278', 'Predsjednik', TO_DATE('2020-05-30', 'YYYY-MM-DD'), '066123356', 12);
INSERT INTO ZAPOSLENI (IDZ, IMEZ, PREZZ, JMBGZ, TIPZ, DATZAPZ, BRTELZ, KUD_IDKUD) VALUES (37, 'Dejan', 'Pavlović', '3003997181277', 'Koreograf', TO_DATE('2022-07-20', 'YYYY-MM-DD'), '066123357', 13);
INSERT INTO ZAPOSLENI (IDZ, IMEZ, PREZZ, JMBGZ, TIPZ, DATZAPZ, BRTELZ, KUD_IDKUD) VALUES (38, 'Jovana', 'Milić', '2202997181276', 'Sekretar', TO_DATE('2021-04-10', 'YYYY-MM-DD'), '066123358', 13);
INSERT INTO ZAPOSLENI (IDZ, IMEZ, PREZZ, JMBGZ, TIPZ, DATZAPZ, BRTELZ, KUD_IDKUD) VALUES (39, 'Jelena', 'Tomić', '1105987181275', 'Predsjednik', TO_DATE('2020-01-15', 'YYYY-MM-DD'), '066123359', 13);
INSERT INTO ZAPOSLENI (IDZ, IMEZ, PREZZ, JMBGZ, TIPZ, DATZAPZ, BRTELZ, KUD_IDKUD) VALUES (40, 'Jovan', 'Đorđević', '2704987181274', 'Koreograf', TO_DATE('2022-02-15', 'YYYY-MM-DD'), '066123360', 14);
INSERT INTO ZAPOSLENI (IDZ, IMEZ, PREZZ, JMBGZ, TIPZ, DATZAPZ, BRTELZ, KUD_IDKUD) VALUES (41, 'Maja', 'Milovanović', '0601987181273', 'Sekretar', TO_DATE('2021-09-25', 'YYYY-MM-DD'), '066123361', 14);
INSERT INTO ZAPOSLENI (IDZ, IMEZ, PREZZ, JMBGZ, TIPZ, DATZAPZ, BRTELZ, KUD_IDKUD) VALUES (42, 'Goran', 'Stanković', '0902997181272', 'Predsjednik', TO_DATE('2020-05-05', 'YYYY-MM-DD'), '066123362', 14);
INSERT INTO ZAPOSLENI (IDZ, IMEZ, PREZZ, JMBGZ, TIPZ, DATZAPZ, BRTELZ, KUD_IDKUD) VALUES (43, 'Miloš', 'Jovanović', '0304987181271', 'Koreograf', TO_DATE('2023-01-10', 'YYYY-MM-DD'), '066123363', 15);
INSERT INTO ZAPOSLENI (IDZ, IMEZ, PREZZ, JMBGZ, TIPZ, DATZAPZ, BRTELZ, KUD_IDKUD) VALUES (44, 'Nina', 'Kovač', '1106987181270', 'Sekretar', TO_DATE('2022-08-25', 'YYYY-MM-DD'), '066123364', 15);
INSERT INTO ZAPOSLENI (IDZ, IMEZ, PREZZ, JMBGZ, TIPZ, DATZAPZ, BRTELZ, KUD_IDKUD) VALUES (45, 'Vladan', 'Milić', '1505987181269', 'Predsjednik', TO_DATE('2021-12-12', 'YYYY-MM-DD'), '066123365', 15);
INSERT INTO ZAPOSLENI (IDZ, IMEZ, PREZZ, JMBGZ, TIPZ, DATZAPZ, BRTELZ, KUD_IDKUD) VALUES (46, 'Teodora', 'Lukić', '1806987181268', 'Koreograf', TO_DATE('2022-09-10', 'YYYY-MM-DD'), '066123366', 16);
INSERT INTO ZAPOSLENI (IDZ, IMEZ, PREZZ, JMBGZ, TIPZ, DATZAPZ, BRTELZ, KUD_IDKUD) VALUES (47, 'Nemanja', 'Petković', '0603997181267', 'Sekretar', TO_DATE('2023-01-15', 'YYYY-MM-DD'), '066123367', 16);
INSERT INTO ZAPOSLENI (IDZ, IMEZ, PREZZ, JMBGZ, TIPZ, DATZAPZ, BRTELZ, KUD_IDKUD) VALUES (48, 'Ana', 'Dukić', '1205987181266', 'Predsjednik', TO_DATE('2021-11-08', 'YYYY-MM-DD'), '066123368', 16);
INSERT INTO ZAPOSLENI (IDZ, IMEZ, PREZZ, JMBGZ, TIPZ, DATZAPZ, BRTELZ, KUD_IDKUD) VALUES (49, 'Milena', 'Knežević', '2307987181265', 'Koreograf', TO_DATE('2022-06-18', 'YYYY-MM-DD'), '066123369', 17);
INSERT INTO ZAPOSLENI (IDZ, IMEZ, PREZZ, JMBGZ, TIPZ, DATZAPZ, BRTELZ, KUD_IDKUD) VALUES (50, 'Stefan', 'Lazić', '0302987181264', 'Sekretar', TO_DATE('2021-05-02', 'YYYY-MM-DD'), '066123370', 17);
INSERT INTO ZAPOSLENI (IDZ, IMEZ, PREZZ, JMBGZ, TIPZ, DATZAPZ, BRTELZ, KUD_IDKUD) VALUES (51, 'Jovana', 'Nikolić', '0506987181263', 'Predsjednik', TO_DATE('2020-12-15', 'YYYY-MM-DD'), '066123371', 17);
INSERT INTO ZAPOSLENI (IDZ, IMEZ, PREZZ, JMBGZ, TIPZ, DATZAPZ, BRTELZ, KUD_IDKUD) VALUES (52, 'Lazar', 'Pavlović', '2204987181262', 'Koreograf', TO_DATE('2022-02-25', 'YYYY-MM-DD'), '066123372', 18);
INSERT INTO ZAPOSLENI (IDZ, IMEZ, PREZZ, JMBGZ, TIPZ, DATZAPZ, BRTELZ, KUD_IDKUD) VALUES (53, 'Tamara', 'Vesić', '1805987181261', 'Sekretar', TO_DATE('2023-04-19', 'YYYY-MM-DD'), '066123373', 18);
INSERT INTO ZAPOSLENI (IDZ, IMEZ, PREZZ, JMBGZ, TIPZ, DATZAPZ, BRTELZ, KUD_IDKUD) VALUES (54, 'Goran', 'Lukić', '1302997181260', 'Predsjednik', TO_DATE('2020-07-10', 'YYYY-MM-DD'), '066123374', 18);
INSERT INTO ZAPOSLENI (IDZ, IMEZ, PREZZ, JMBGZ, TIPZ, DATZAPZ, BRTELZ, KUD_IDKUD) VALUES (55, 'Lena', 'Jovanović', '2001987181259', 'Koreograf', TO_DATE('2022-08-30', 'YYYY-MM-DD'), '066123375', 19);
INSERT INTO ZAPOSLENI (IDZ, IMEZ, PREZZ, JMBGZ, TIPZ, DATZAPZ, BRTELZ, KUD_IDKUD) VALUES (56, 'Nemanja', 'Todorović', '2503987181258', 'Sekretar', TO_DATE('2021-11-05', 'YYYY-MM-DD'), '066123376', 19);
INSERT INTO ZAPOSLENI (IDZ, IMEZ, PREZZ, JMBGZ, TIPZ, DATZAPZ, BRTELZ, KUD_IDKUD) VALUES (57, 'Maja', 'Petrović', '0506987181257', 'Predsjednik', TO_DATE('2020-02-10', 'YYYY-MM-DD'), '066123377', 19);
INSERT INTO ZAPOSLENI (IDZ, IMEZ, PREZZ, JMBGZ, TIPZ, DATZAPZ, BRTELZ, KUD_IDKUD) VALUES (58, 'Nikola', 'Savić', '1702987181256', 'Koreograf', TO_DATE('2021-05-14', 'YYYY-MM-DD'), '066123378', 20);
INSERT INTO ZAPOSLENI (IDZ, IMEZ, PREZZ, JMBGZ, TIPZ, DATZAPZ, BRTELZ, KUD_IDKUD) VALUES (59, 'Stefan', 'Marković', '0504987181255', 'Sekretar', TO_DATE('2020-11-21', 'YYYY-MM-DD'), '066123379', 20);
INSERT INTO ZAPOSLENI (IDZ, IMEZ, PREZZ, JMBGZ, TIPZ, DATZAPZ, BRTELZ, KUD_IDKUD) VALUES (60, 'Jelena', 'Kostić', '3005997181254', 'Predsjednik', TO_DATE('2022-03-18', 'YYYY-MM-DD'), '066123380', 20);
INSERT INTO ZAPOSLENI (IDZ, IMEZ, PREZZ, JMBGZ, TIPZ, DATZAPZ, BRTELZ, KUD_IDKUD) VALUES (61, 'Milos', 'Knežević', '1501997181253', 'Koreograf', TO_DATE('2022-09-17', 'YYYY-MM-DD'), '066123381', 21);
INSERT INTO ZAPOSLENI (IDZ, IMEZ, PREZZ, JMBGZ, TIPZ, DATZAPZ, BRTELZ, KUD_IDKUD) VALUES (62, 'Tijana', 'Petrović', '2407987181252', 'Sekretar', TO_DATE('2023-02-08', 'YYYY-MM-DD'), '066123382', 21);
INSERT INTO ZAPOSLENI (IDZ, IMEZ, PREZZ, JMBGZ, TIPZ, DATZAPZ, BRTELZ, KUD_IDKUD) VALUES (63, 'Vera', 'Tomić', '0203997181251', 'Predsjednik', TO_DATE('2021-07-22', 'YYYY-MM-DD'), '066123383', 21);
INSERT INTO ZAPOSLENI (IDZ, IMEZ, PREZZ, JMBGZ, TIPZ, DATZAPZ, BRTELZ, KUD_IDKUD) VALUES (64, 'Nikola', 'Jovanović', '2305987181250', 'Koreograf', TO_DATE('2022-04-05', 'YYYY-MM-DD'), '066123384', 22);
INSERT INTO ZAPOSLENI (IDZ, IMEZ, PREZZ, JMBGZ, TIPZ, DATZAPZ, BRTELZ, KUD_IDKUD) VALUES (65, 'Ivana', 'Savić', '1401987181249', 'Sekretar', TO_DATE('2023-03-13', 'YYYY-MM-DD'), '066123385', 22);
INSERT INTO ZAPOSLENI (IDZ, IMEZ, PREZZ, JMBGZ, TIPZ, DATZAPZ, BRTELZ, KUD_IDKUD) VALUES (66, 'Marija', 'Đorđević', '0907987181248', 'Predsjednik', TO_DATE('2021-10-10', 'YYYY-MM-DD'), '066123386', 22);
INSERT INTO ZAPOSLENI (IDZ, IMEZ, PREZZ, JMBGZ, TIPZ, DATZAPZ, BRTELZ, KUD_IDKUD) VALUES (67, 'Lazar', 'Pavlović', '0502997181247', 'Koreograf', TO_DATE('2021-11-18', 'YYYY-MM-DD'), '066123387', 23);
INSERT INTO ZAPOSLENI (IDZ, IMEZ, PREZZ, JMBGZ, TIPZ, DATZAPZ, BRTELZ, KUD_IDKUD) VALUES (68, 'Marina', 'Marković', '2405987181246', 'Sekretar', TO_DATE('2022-06-20', 'YYYY-MM-DD'), '066123388', 23);
INSERT INTO ZAPOSLENI (IDZ, IMEZ, PREZZ, JMBGZ, TIPZ, DATZAPZ, BRTELZ, KUD_IDKUD) VALUES (69, 'Teodora', 'Tomić', '2204987181245', 'Predsjednik', TO_DATE('2020-10-05', 'YYYY-MM-DD'), '066123389', 23);
INSERT INTO ZAPOSLENI (IDZ, IMEZ, PREZZ, JMBGZ, TIPZ, DATZAPZ, BRTELZ, KUD_IDKUD) VALUES (70, 'Milan', 'Vasić', '0905987181244', 'Koreograf', TO_DATE('2022-07-15', 'YYYY-MM-DD'), '066123390', 24);
INSERT INTO ZAPOSLENI (IDZ, IMEZ, PREZZ, JMBGZ, TIPZ, DATZAPZ, BRTELZ, KUD_IDKUD) VALUES (71, 'Jelena', 'Ristić', '1506987181243', 'Sekretar', TO_DATE('2023-02-18', 'YYYY-MM-DD'), '066123391', 24);
INSERT INTO ZAPOSLENI (IDZ, IMEZ, PREZZ, JMBGZ, TIPZ, DATZAPZ, BRTELZ, KUD_IDKUD) VALUES (72, 'Tijana', 'Đorđević', '0803987181242', 'Predsjednik', TO_DATE('2021-12-03', 'YYYY-MM-DD'), '066123392', 24);
INSERT INTO ZAPOSLENI (IDZ, IMEZ, PREZZ, JMBGZ, TIPZ, DATZAPZ, BRTELZ, KUD_IDKUD) VALUES (73, 'Nenad', 'Tomić', '2704987181241', 'Koreograf', TO_DATE('2022-10-12', 'YYYY-MM-DD'), '066123393', 25);
INSERT INTO ZAPOSLENI (IDZ, IMEZ, PREZZ, JMBGZ, TIPZ, DATZAPZ, BRTELZ, KUD_IDKUD) VALUES (74, 'Ivana', 'Stojanović', '1205997181240', 'Sekretar', TO_DATE('2023-05-25', 'YYYY-MM-DD'), '066123394', 25);
INSERT INTO ZAPOSLENI (IDZ, IMEZ, PREZZ, JMBGZ, TIPZ, DATZAPZ, BRTELZ, KUD_IDKUD) VALUES (75, 'Marko', 'Knežević', '2202997181239', 'Predsjednik', TO_DATE('2020-06-21', 'YYYY-MM-DD'), '066123395', 25);
INSERT INTO ZAPOSLENI (IDZ, IMEZ, PREZZ, JMBGZ, TIPZ, DATZAPZ, BRTELZ, KUD_IDKUD) VALUES (76, 'Jovan', 'Petrović', '1202987181238', 'Koreograf', TO_DATE('2022-11-15', 'YYYY-MM-DD'), '066123396', 26);
INSERT INTO ZAPOSLENI (IDZ, IMEZ, PREZZ, JMBGZ, TIPZ, DATZAPZ, BRTELZ, KUD_IDKUD) VALUES (77, 'Dragana', 'Stojanović', '2204987181237', 'Sekretar', TO_DATE('2021-07-07', 'YYYY-MM-DD'), '066123397', 26);
INSERT INTO ZAPOSLENI (IDZ, IMEZ, PREZZ, JMBGZ, TIPZ, DATZAPZ, BRTELZ, KUD_IDKUD) VALUES (78, 'Milan', 'Vuković', '1407987181236', 'Predsjednik', TO_DATE('2023-02-20', 'YYYY-MM-DD'), '066123398', 26);
INSERT INTO ZAPOSLENI (IDZ, IMEZ, PREZZ, JMBGZ, TIPZ, DATZAPZ, BRTELZ, KUD_IDKUD) VALUES (79, 'Tanja', 'Nikolić', '0503997181235', 'Koreograf', TO_DATE('2021-09-03', 'YYYY-MM-DD'), '066123399', 27);
INSERT INTO ZAPOSLENI (IDZ, IMEZ, PREZZ, JMBGZ, TIPZ, DATZAPZ, BRTELZ, KUD_IDKUD) VALUES (80, 'Stefan', 'Lazić', '1701987181234', 'Sekretar', TO_DATE('2022-04-25', 'YYYY-MM-DD'), '066123400', 27);
INSERT INTO ZAPOSLENI (IDZ, IMEZ, PREZZ, JMBGZ, TIPZ, DATZAPZ, BRTELZ, KUD_IDKUD) VALUES (81, 'Maja', 'Petrović', '1107997181233', 'Predsjednik', TO_DATE('2020-12-22', 'YYYY-MM-DD'), '066123401', 27);
INSERT INTO ZAPOSLENI (IDZ, IMEZ, PREZZ, JMBGZ, TIPZ, DATZAPZ, BRTELZ, KUD_IDKUD) VALUES (82, 'Tijana', 'Stojanović', '0402987181232', 'Koreograf', TO_DATE('2022-10-30', 'YYYY-MM-DD'), '066123402', 28);
INSERT INTO ZAPOSLENI (IDZ, IMEZ, PREZZ, JMBGZ, TIPZ, DATZAPZ, BRTELZ, KUD_IDKUD) VALUES (83, 'Nenad', 'Jovanović', '2205997181231', 'Sekretar', TO_DATE('2021-06-12', 'YYYY-MM-DD'), '066123403', 28);
INSERT INTO ZAPOSLENI (IDZ, IMEZ, PREZZ, JMBGZ, TIPZ, DATZAPZ, BRTELZ, KUD_IDKUD) VALUES (84, 'Lena', 'Milić', '2902987181230', 'Predsjednik', TO_DATE('2020-08-03', 'YYYY-MM-DD'), '066123404', 28);
INSERT INTO ZAPOSLENI (IDZ, IMEZ, PREZZ, JMBGZ, TIPZ, DATZAPZ, BRTELZ, KUD_IDKUD) VALUES (85, 'Milan', 'Vuković', '0502987181229', 'Koreograf', TO_DATE('2022-12-18', 'YYYY-MM-DD'), '066123405', 29);
INSERT INTO ZAPOSLENI (IDZ, IMEZ, PREZZ, JMBGZ, TIPZ, DATZAPZ, BRTELZ, KUD_IDKUD) VALUES (86, 'Jovana', 'Đorđević', '0903987181228', 'Sekretar', TO_DATE('2023-01-10', 'YYYY-MM-DD'), '066123406', 29);
INSERT INTO ZAPOSLENI (IDZ, IMEZ, PREZZ, JMBGZ, TIPZ, DATZAPZ, BRTELZ, KUD_IDKUD) VALUES (87, 'Bogdan', 'Knežević', '1706987181227', 'Predsjednik', TO_DATE('2021-11-15', 'YYYY-MM-DD'), '066123407', 29);
INSERT INTO ZAPOSLENI (IDZ, IMEZ, PREZZ, JMBGZ, TIPZ, DATZAPZ, BRTELZ, KUD_IDKUD) VALUES (88, 'Stefan', 'Tomić', '1201987181226', 'Koreograf', TO_DATE('2022-08-20', 'YYYY-MM-DD'), '066123408', 30);
INSERT INTO ZAPOSLENI (IDZ, IMEZ, PREZZ, JMBGZ, TIPZ, DATZAPZ, BRTELZ, KUD_IDKUD) VALUES (89, 'Tijana', 'Milić', '2502987181225', 'Sekretar', TO_DATE('2021-12-30', 'YYYY-MM-DD'), '066123409', 30);
INSERT INTO ZAPOSLENI (IDZ, IMEZ, PREZZ, JMBGZ, TIPZ, DATZAPZ, BRTELZ, KUD_IDKUD) VALUES (90, 'Nikola', 'Kostić', '0104997181224', 'Predsjednik', TO_DATE('2020-06-17', 'YYYY-MM-DD'), '066123410', 30);
INSERT INTO ZAPOSLENI (IDZ, IMEZ, PREZZ, JMBGZ, TIPZ, DATZAPZ, BRTELZ, KUD_IDKUD) VALUES (91, 'Marija', 'Tomić', '0804987181223', 'Koreograf', TO_DATE('2023-04-25', 'YYYY-MM-DD'), '066123411', 31);
INSERT INTO ZAPOSLENI (IDZ, IMEZ, PREZZ, JMBGZ, TIPZ, DATZAPZ, BRTELZ, KUD_IDKUD) VALUES (92, 'Ivana', 'Todorović', '1403997181222', 'Sekretar', TO_DATE('2021-09-01', 'YYYY-MM-DD'), '066123412', 31);
INSERT INTO ZAPOSLENI (IDZ, IMEZ, PREZZ, JMBGZ, TIPZ, DATZAPZ, BRTELZ, KUD_IDKUD) VALUES (93, 'Milan', 'Pavlović', '1806987181221', 'Predsjednik', TO_DATE('2022-01-18', 'YYYY-MM-DD'), '066123413', 31);
INSERT INTO ZAPOSLENI (IDZ, IMEZ, PREZZ, JMBGZ, TIPZ, DATZAPZ, BRTELZ, KUD_IDKUD) VALUES (94, 'Ana', 'Knežević', '2301997181220', 'Koreograf', TO_DATE('2022-07-12', 'YYYY-MM-DD'), '066123414', 32);
INSERT INTO ZAPOSLENI (IDZ, IMEZ, PREZZ, JMBGZ, TIPZ, DATZAPZ, BRTELZ, KUD_IDKUD) VALUES (95, 'Stefan', 'Savić', '0506987181219', 'Sekretar', TO_DATE('2023-03-02', 'YYYY-MM-DD'), '066123415', 32);
INSERT INTO ZAPOSLENI (IDZ, IMEZ, PREZZ, JMBGZ, TIPZ, DATZAPZ, BRTELZ, KUD_IDKUD) VALUES (96, 'Milena', 'Lukić', '2905987181218', 'Predsjednik', TO_DATE('2021-02-10', 'YYYY-MM-DD'), '066123416', 32);
INSERT INTO ZAPOSLENI (IDZ, IMEZ, PREZZ, JMBGZ, TIPZ, DATZAPZ, BRTELZ, KUD_IDKUD) VALUES (97, 'Jovan', 'Tomić', '0106987181217', 'Koreograf', TO_DATE('2022-09-05', 'YYYY-MM-DD'), '066123417', 33);
INSERT INTO ZAPOSLENI (IDZ, IMEZ, PREZZ, JMBGZ, TIPZ, DATZAPZ, BRTELZ, KUD_IDKUD) VALUES (98, 'Marko', 'Vuković', '1802997181216', 'Sekretar', TO_DATE('2021-12-17', 'YYYY-MM-DD'), '066123418', 33);
INSERT INTO ZAPOSLENI (IDZ, IMEZ, PREZZ, JMBGZ, TIPZ, DATZAPZ, BRTELZ, KUD_IDKUD) VALUES (99, 'Jelena', 'Todorović', '1301997181215', 'Predsjednik', TO_DATE('2023-04-30', 'YYYY-MM-DD'), '066123419', 33);
INSERT INTO ZAPOSLENI (IDZ, IMEZ, PREZZ, JMBGZ, TIPZ, DATZAPZ, BRTELZ, KUD_IDKUD) VALUES (100, 'Nikola', 'Stojanović', '0907987181214', 'Koreograf', TO_DATE('2022-11-30', 'YYYY-MM-DD'), '066123420', 34);
INSERT INTO ZAPOSLENI (IDZ, IMEZ, PREZZ, JMBGZ, TIPZ, DATZAPZ, BRTELZ, KUD_IDKUD) VALUES (101, 'Teodora', 'Vasić', '1401997181213', 'Sekretar', TO_DATE('2023-01-23', 'YYYY-MM-DD'), '066123421', 34);
INSERT INTO ZAPOSLENI (IDZ, IMEZ, PREZZ, JMBGZ, TIPZ, DATZAPZ, BRTELZ, KUD_IDKUD) VALUES (102, 'Nemanja', 'Petrović', '1207987181212', 'Predsjednik', TO_DATE('2021-04-14', 'YYYY-MM-DD'), '066123422', 34);
INSERT INTO ZAPOSLENI (IDZ, IMEZ, PREZZ, JMBGZ, TIPZ, DATZAPZ, BRTELZ, KUD_IDKUD) VALUES (103, 'Ana', 'Đorđević', '2502987181211', 'Koreograf', TO_DATE('2021-08-21', 'YYYY-MM-DD'), '066123423', 35);
INSERT INTO ZAPOSLENI (IDZ, IMEZ, PREZZ, JMBGZ, TIPZ, DATZAPZ, BRTELZ, KUD_IDKUD) VALUES (104, 'Nemanja', 'Jovanović', '0503987181210', 'Sekretar', TO_DATE('2020-11-12', 'YYYY-MM-DD'), '066123424', 35);
INSERT INTO ZAPOSLENI (IDZ, IMEZ, PREZZ, JMBGZ, TIPZ, DATZAPZ, BRTELZ, KUD_IDKUD) VALUES (105, 'Svetlana', 'Marković', '1904987181209', 'Predsjednik', TO_DATE('2023-03-18', 'YYYY-MM-DD'), '066123425', 35);

--SEKRETAR
INSERT INTO SEKRETAR (IDZ) VALUES (2);
INSERT INTO SEKRETAR (IDZ) VALUES (5);
INSERT INTO SEKRETAR (IDZ) VALUES (8);
INSERT INTO SEKRETAR (IDZ) VALUES (11);
INSERT INTO SEKRETAR (IDZ) VALUES (14);
INSERT INTO SEKRETAR (IDZ) VALUES (17);
INSERT INTO SEKRETAR (IDZ) VALUES (20);
INSERT INTO SEKRETAR (IDZ) VALUES (23);
INSERT INTO SEKRETAR (IDZ) VALUES (26);
INSERT INTO SEKRETAR (IDZ) VALUES (29);
INSERT INTO SEKRETAR (IDZ) VALUES (32);
INSERT INTO SEKRETAR (IDZ) VALUES (35);
INSERT INTO SEKRETAR (IDZ) VALUES (38);
INSERT INTO SEKRETAR (IDZ) VALUES (41);
INSERT INTO SEKRETAR (IDZ) VALUES (44);
INSERT INTO SEKRETAR (IDZ) VALUES (47);
INSERT INTO SEKRETAR (IDZ) VALUES (50);
INSERT INTO SEKRETAR (IDZ) VALUES (53);
INSERT INTO SEKRETAR (IDZ) VALUES (56);
INSERT INTO SEKRETAR (IDZ) VALUES (59);
INSERT INTO SEKRETAR (IDZ) VALUES (62);
INSERT INTO SEKRETAR (IDZ) VALUES (65);
INSERT INTO SEKRETAR (IDZ) VALUES (68);
INSERT INTO SEKRETAR (IDZ) VALUES (71);
INSERT INTO SEKRETAR (IDZ) VALUES (74);
INSERT INTO SEKRETAR (IDZ) VALUES (77);
INSERT INTO SEKRETAR (IDZ) VALUES (80);
INSERT INTO SEKRETAR (IDZ) VALUES (83);
INSERT INTO SEKRETAR (IDZ) VALUES (86);
INSERT INTO SEKRETAR (IDZ) VALUES (89);
INSERT INTO SEKRETAR (IDZ) VALUES (92);
INSERT INTO SEKRETAR (IDZ) VALUES (95);
INSERT INTO SEKRETAR (IDZ) VALUES (98);
INSERT INTO SEKRETAR (IDZ) VALUES (101);
INSERT INTO SEKRETAR (IDZ) VALUES (104);


--PREDSJEDNIK
INSERT INTO PREDSJEDNIK (IDZ, DATISTMAN) VALUES (3, TO_DATE('2027-04-15', 'YYYY-MM-DD'));
INSERT INTO PREDSJEDNIK (IDZ, DATISTMAN) VALUES (6, TO_DATE('2026-06-12', 'YYYY-MM-DD'));
INSERT INTO PREDSJEDNIK (IDZ, DATISTMAN) VALUES (9, TO_DATE('2027-08-04', 'YYYY-MM-DD'));
INSERT INTO PREDSJEDNIK (IDZ, DATISTMAN) VALUES (12, TO_DATE('2025-11-03', 'YYYY-MM-DD'));
INSERT INTO PREDSJEDNIK (IDZ, DATISTMAN) VALUES (15, TO_DATE('2027-06-07', 'YYYY-MM-DD'));
INSERT INTO PREDSJEDNIK (IDZ, DATISTMAN) VALUES (18, TO_DATE('2026-03-12', 'YYYY-MM-DD'));
INSERT INTO PREDSJEDNIK (IDZ, DATISTMAN) VALUES (21, TO_DATE('2027-10-15', 'YYYY-MM-DD'));
INSERT INTO PREDSJEDNIK (IDZ, DATISTMAN) VALUES (24, TO_DATE('2026-07-25', 'YYYY-MM-DD'));
INSERT INTO PREDSJEDNIK (IDZ, DATISTMAN) VALUES (27, TO_DATE('2025-12-05', 'YYYY-MM-DD'));
INSERT INTO PREDSJEDNIK (IDZ, DATISTMAN) VALUES (30, TO_DATE('2027-02-18', 'YYYY-MM-DD'));
INSERT INTO PREDSJEDNIK (IDZ, DATISTMAN) VALUES (33, TO_DATE('2026-09-30', 'YYYY-MM-DD'));
INSERT INTO PREDSJEDNIK (IDZ, DATISTMAN) VALUES (36, TO_DATE('2026-01-09', 'YYYY-MM-DD'));
INSERT INTO PREDSJEDNIK (IDZ, DATISTMAN) VALUES (39, TO_DATE('2027-11-19', 'YYYY-MM-DD'));
INSERT INTO PREDSJEDNIK (IDZ, DATISTMAN) VALUES (42, TO_DATE('2026-04-04', 'YYYY-MM-DD'));
INSERT INTO PREDSJEDNIK (IDZ, DATISTMAN) VALUES (45, TO_DATE('2025-05-17', 'YYYY-MM-DD'));
INSERT INTO PREDSJEDNIK (IDZ, DATISTMAN) VALUES (48, TO_DATE('2027-09-22', 'YYYY-MM-DD'));
INSERT INTO PREDSJEDNIK (IDZ, DATISTMAN) VALUES (51, TO_DATE('2026-12-11', 'YYYY-MM-DD'));
INSERT INTO PREDSJEDNIK (IDZ, DATISTMAN) VALUES (54, TO_DATE('2025-07-27', 'YYYY-MM-DD'));
INSERT INTO PREDSJEDNIK (IDZ, DATISTMAN) VALUES (57, TO_DATE('2027-02-02', 'YYYY-MM-DD'));
INSERT INTO PREDSJEDNIK (IDZ, DATISTMAN) VALUES (60, TO_DATE('2026-05-06', 'YYYY-MM-DD'));
INSERT INTO PREDSJEDNIK (IDZ, DATISTMAN) VALUES (63, TO_DATE('2027-01-15', 'YYYY-MM-DD'));
INSERT INTO PREDSJEDNIK (IDZ, DATISTMAN) VALUES (66, TO_DATE('2026-08-08', 'YYYY-MM-DD'));
INSERT INTO PREDSJEDNIK (IDZ, DATISTMAN) VALUES (69, TO_DATE('2027-04-02', 'YYYY-MM-DD'));
INSERT INTO PREDSJEDNIK (IDZ, DATISTMAN) VALUES (72, TO_DATE('2025-09-14', 'YYYY-MM-DD'));
INSERT INTO PREDSJEDNIK (IDZ, DATISTMAN) VALUES (75, TO_DATE('2026-02-20', 'YYYY-MM-DD'));
INSERT INTO PREDSJEDNIK (IDZ, DATISTMAN) VALUES (78, TO_DATE('2027-05-30', 'YYYY-MM-DD'));
INSERT INTO PREDSJEDNIK (IDZ, DATISTMAN) VALUES (81, TO_DATE('2026-10-11', 'YYYY-MM-DD'));
INSERT INTO PREDSJEDNIK (IDZ, DATISTMAN) VALUES (84, TO_DATE('2025-03-16', 'YYYY-MM-DD'));
INSERT INTO PREDSJEDNIK (IDZ, DATISTMAN) VALUES (87, TO_DATE('2027-07-03', 'YYYY-MM-DD'));
INSERT INTO PREDSJEDNIK (IDZ, DATISTMAN) VALUES (90, TO_DATE('2026-11-09', 'YYYY-MM-DD'));
INSERT INTO PREDSJEDNIK (IDZ, DATISTMAN) VALUES (93, TO_DATE('2025-10-28', 'YYYY-MM-DD'));
INSERT INTO PREDSJEDNIK (IDZ, DATISTMAN) VALUES (96, TO_DATE('2026-01-22', 'YYYY-MM-DD'));
INSERT INTO PREDSJEDNIK (IDZ, DATISTMAN) VALUES (99, TO_DATE('2027-12-10', 'YYYY-MM-DD'));
INSERT INTO PREDSJEDNIK (IDZ, DATISTMAN) VALUES (102, TO_DATE('2026-03-08', 'YYYY-MM-DD'));
INSERT INTO PREDSJEDNIK (IDZ, DATISTMAN) VALUES (105, TO_DATE('2027-09-12', 'YYYY-MM-DD'));

--KOREOGRAF
INSERT INTO KOREOGRAF (IDZ, KOREOGRAF_IDZ, KOREOGRAF_JMBGZ, NADREDJENI) VALUES (1, 1, '0505987181313', null);
INSERT INTO KOREOGRAF (IDZ, KOREOGRAF_IDZ, KOREOGRAF_JMBGZ, NADREDJENI) VALUES (4, 4, '0304987181310', null);
INSERT INTO KOREOGRAF (IDZ, KOREOGRAF_IDZ, KOREOGRAF_JMBGZ, NADREDJENI) VALUES (7, 7, '0807987181307', null);
INSERT INTO KOREOGRAF (IDZ, KOREOGRAF_IDZ, KOREOGRAF_JMBGZ, NADREDJENI) VALUES (10, 10, '0704997181304', null);
INSERT INTO KOREOGRAF (IDZ, KOREOGRAF_IDZ, KOREOGRAF_JMBGZ, NADREDJENI) VALUES (13, 13, '1606997181301', null);
INSERT INTO KOREOGRAF (IDZ, KOREOGRAF_IDZ, KOREOGRAF_JMBGZ, NADREDJENI) VALUES (16, 16, '1203997181298', null);
INSERT INTO KOREOGRAF (IDZ, KOREOGRAF_IDZ, KOREOGRAF_JMBGZ, NADREDJENI) VALUES (19, 19, '2502997181295', null);
INSERT INTO KOREOGRAF (IDZ, KOREOGRAF_IDZ, KOREOGRAF_JMBGZ, NADREDJENI) VALUES (22, 22, '0604997181292', null);
INSERT INTO KOREOGRAF (IDZ, KOREOGRAF_IDZ, KOREOGRAF_JMBGZ, NADREDJENI) VALUES (25, 25, '1701997181289', null);
INSERT INTO KOREOGRAF (IDZ, KOREOGRAF_IDZ, KOREOGRAF_JMBGZ, NADREDJENI) VALUES (28, 28, '1007987181286', null);
INSERT INTO KOREOGRAF (IDZ, KOREOGRAF_IDZ, KOREOGRAF_JMBGZ, NADREDJENI) VALUES (31, 31, '1704997181283', null);
INSERT INTO KOREOGRAF (IDZ, KOREOGRAF_IDZ, KOREOGRAF_JMBGZ, NADREDJENI) VALUES (34, 34, '2007987181280', null);
INSERT INTO KOREOGRAF (IDZ, KOREOGRAF_IDZ, KOREOGRAF_JMBGZ, NADREDJENI) VALUES (37, 37, '3003997181277', null);
INSERT INTO KOREOGRAF (IDZ, KOREOGRAF_IDZ, KOREOGRAF_JMBGZ, NADREDJENI) VALUES (40, 40, '2704987181274', null);
INSERT INTO KOREOGRAF (IDZ, KOREOGRAF_IDZ, KOREOGRAF_JMBGZ, NADREDJENI) VALUES (43, 43, '0304987181271', null);
INSERT INTO KOREOGRAF (IDZ, KOREOGRAF_IDZ, KOREOGRAF_JMBGZ, NADREDJENI) VALUES (46, 46, '1806987181268', null);
INSERT INTO KOREOGRAF (IDZ, KOREOGRAF_IDZ, KOREOGRAF_JMBGZ, NADREDJENI) VALUES (49, 49, '2307987181265', null);
INSERT INTO KOREOGRAF (IDZ, KOREOGRAF_IDZ, KOREOGRAF_JMBGZ, NADREDJENI) VALUES (52, 52, '2204987181262', null);
INSERT INTO KOREOGRAF (IDZ, KOREOGRAF_IDZ, KOREOGRAF_JMBGZ, NADREDJENI) VALUES (55, 55, '2001987181259', null);
INSERT INTO KOREOGRAF (IDZ, KOREOGRAF_IDZ, KOREOGRAF_JMBGZ, NADREDJENI) VALUES (58, 58, '1702987181256', null);
INSERT INTO KOREOGRAF (IDZ, KOREOGRAF_IDZ, KOREOGRAF_JMBGZ, NADREDJENI) VALUES (61, 61, '1501997181253', null);
INSERT INTO KOREOGRAF (IDZ, KOREOGRAF_IDZ, KOREOGRAF_JMBGZ, NADREDJENI) VALUES (64, 64, '2305987181250', null);
INSERT INTO KOREOGRAF (IDZ, KOREOGRAF_IDZ, KOREOGRAF_JMBGZ, NADREDJENI) VALUES (67, 67, '0502997181247', null);
INSERT INTO KOREOGRAF (IDZ, KOREOGRAF_IDZ, KOREOGRAF_JMBGZ, NADREDJENI) VALUES (70, 70, '0905987181244', null);
INSERT INTO KOREOGRAF (IDZ, KOREOGRAF_IDZ, KOREOGRAF_JMBGZ, NADREDJENI) VALUES (73, 73, '2704987181241', null);
INSERT INTO KOREOGRAF (IDZ, KOREOGRAF_IDZ, KOREOGRAF_JMBGZ, NADREDJENI) VALUES (76, 76, '1202987181238', null);
INSERT INTO KOREOGRAF (IDZ, KOREOGRAF_IDZ, KOREOGRAF_JMBGZ, NADREDJENI) VALUES (79, 79, '0503997181235', null);
INSERT INTO KOREOGRAF (IDZ, KOREOGRAF_IDZ, KOREOGRAF_JMBGZ, NADREDJENI) VALUES (82, 82, '0402987181232', null);
INSERT INTO KOREOGRAF (IDZ, KOREOGRAF_IDZ, KOREOGRAF_JMBGZ, NADREDJENI) VALUES (85, 85, '0502987181229', null);
INSERT INTO KOREOGRAF (IDZ, KOREOGRAF_IDZ, KOREOGRAF_JMBGZ, NADREDJENI) VALUES (88, 88, '1201987181226', null);
INSERT INTO KOREOGRAF (IDZ, KOREOGRAF_IDZ, KOREOGRAF_JMBGZ, NADREDJENI) VALUES (91, 91, '0804987181223', null);
INSERT INTO KOREOGRAF (IDZ, KOREOGRAF_IDZ, KOREOGRAF_JMBGZ, NADREDJENI) VALUES (94, 94, '2301997181220', null);
INSERT INTO KOREOGRAF (IDZ, KOREOGRAF_IDZ, KOREOGRAF_JMBGZ, NADREDJENI) VALUES (97, 97, '0106987181217', null);
INSERT INTO KOREOGRAF (IDZ, KOREOGRAF_IDZ, KOREOGRAF_JMBGZ, NADREDJENI) VALUES (100, 100, '0907987181214', null);
INSERT INTO KOREOGRAF (IDZ, KOREOGRAF_IDZ, KOREOGRAF_JMBGZ, NADREDJENI) VALUES (103, 103, '2502987181211', null);

--VODI
INSERT INTO VODI (SEKCIJA_IDS, SEKCIJA_KUD_IDKUD, KOREOGRAF_IDZ) VALUES (1, 1, 1);
INSERT INTO VODI (SEKCIJA_IDS, SEKCIJA_KUD_IDKUD, KOREOGRAF_IDZ) VALUES (2, 1, 1);
INSERT INTO VODI (SEKCIJA_IDS, SEKCIJA_KUD_IDKUD, KOREOGRAF_IDZ) VALUES (3, 2, 4);
INSERT INTO VODI (SEKCIJA_IDS, SEKCIJA_KUD_IDKUD, KOREOGRAF_IDZ) VALUES (4, 2, 4);
INSERT INTO VODI (SEKCIJA_IDS, SEKCIJA_KUD_IDKUD, KOREOGRAF_IDZ) VALUES (5, 3, 7);
INSERT INTO VODI (SEKCIJA_IDS, SEKCIJA_KUD_IDKUD, KOREOGRAF_IDZ) VALUES (6, 3, 7);
INSERT INTO VODI (SEKCIJA_IDS, SEKCIJA_KUD_IDKUD, KOREOGRAF_IDZ) VALUES (7, 4, 10);
INSERT INTO VODI (SEKCIJA_IDS, SEKCIJA_KUD_IDKUD, KOREOGRAF_IDZ) VALUES (8, 4, 10);
INSERT INTO VODI (SEKCIJA_IDS, SEKCIJA_KUD_IDKUD, KOREOGRAF_IDZ) VALUES (9, 5, 13);
INSERT INTO VODI (SEKCIJA_IDS, SEKCIJA_KUD_IDKUD, KOREOGRAF_IDZ) VALUES (10, 5, 13);
INSERT INTO VODI (SEKCIJA_IDS, SEKCIJA_KUD_IDKUD, KOREOGRAF_IDZ) VALUES (11, 6, 16);
INSERT INTO VODI (SEKCIJA_IDS, SEKCIJA_KUD_IDKUD, KOREOGRAF_IDZ) VALUES (12, 6, 16);
INSERT INTO VODI (SEKCIJA_IDS, SEKCIJA_KUD_IDKUD, KOREOGRAF_IDZ) VALUES (13, 7, 19);
INSERT INTO VODI (SEKCIJA_IDS, SEKCIJA_KUD_IDKUD, KOREOGRAF_IDZ) VALUES (14, 7, 19);
INSERT INTO VODI (SEKCIJA_IDS, SEKCIJA_KUD_IDKUD, KOREOGRAF_IDZ) VALUES (15, 8, 22);
INSERT INTO VODI (SEKCIJA_IDS, SEKCIJA_KUD_IDKUD, KOREOGRAF_IDZ) VALUES (16, 8, 22);
INSERT INTO VODI (SEKCIJA_IDS, SEKCIJA_KUD_IDKUD, KOREOGRAF_IDZ) VALUES (17, 9, 25);
INSERT INTO VODI (SEKCIJA_IDS, SEKCIJA_KUD_IDKUD, KOREOGRAF_IDZ) VALUES (18, 9, 25);
INSERT INTO VODI (SEKCIJA_IDS, SEKCIJA_KUD_IDKUD, KOREOGRAF_IDZ) VALUES (19, 10, 28);
INSERT INTO VODI (SEKCIJA_IDS, SEKCIJA_KUD_IDKUD, KOREOGRAF_IDZ) VALUES (20, 10, 28);
INSERT INTO VODI (SEKCIJA_IDS, SEKCIJA_KUD_IDKUD, KOREOGRAF_IDZ) VALUES (21, 11, 31);
INSERT INTO VODI (SEKCIJA_IDS, SEKCIJA_KUD_IDKUD, KOREOGRAF_IDZ) VALUES (22, 11, 31);
INSERT INTO VODI (SEKCIJA_IDS, SEKCIJA_KUD_IDKUD, KOREOGRAF_IDZ) VALUES (23, 12, 34);
INSERT INTO VODI (SEKCIJA_IDS, SEKCIJA_KUD_IDKUD, KOREOGRAF_IDZ) VALUES (24, 12, 34);
INSERT INTO VODI (SEKCIJA_IDS, SEKCIJA_KUD_IDKUD, KOREOGRAF_IDZ) VALUES (25, 13, 37);
INSERT INTO VODI (SEKCIJA_IDS, SEKCIJA_KUD_IDKUD, KOREOGRAF_IDZ) VALUES (26, 13, 37);
INSERT INTO VODI (SEKCIJA_IDS, SEKCIJA_KUD_IDKUD, KOREOGRAF_IDZ) VALUES (27, 14, 40);
INSERT INTO VODI (SEKCIJA_IDS, SEKCIJA_KUD_IDKUD, KOREOGRAF_IDZ) VALUES (28, 14, 40);
INSERT INTO VODI (SEKCIJA_IDS, SEKCIJA_KUD_IDKUD, KOREOGRAF_IDZ) VALUES (29, 15, 43);
INSERT INTO VODI (SEKCIJA_IDS, SEKCIJA_KUD_IDKUD, KOREOGRAF_IDZ) VALUES (30, 15, 43);
INSERT INTO VODI (SEKCIJA_IDS, SEKCIJA_KUD_IDKUD, KOREOGRAF_IDZ) VALUES (31, 16, 46);
INSERT INTO VODI (SEKCIJA_IDS, SEKCIJA_KUD_IDKUD, KOREOGRAF_IDZ) VALUES (32, 16, 46);
INSERT INTO VODI (SEKCIJA_IDS, SEKCIJA_KUD_IDKUD, KOREOGRAF_IDZ) VALUES (33, 17, 49);
INSERT INTO VODI (SEKCIJA_IDS, SEKCIJA_KUD_IDKUD, KOREOGRAF_IDZ) VALUES (34, 17, 49);
INSERT INTO VODI (SEKCIJA_IDS, SEKCIJA_KUD_IDKUD, KOREOGRAF_IDZ) VALUES (35, 18, 52);
INSERT INTO VODI (SEKCIJA_IDS, SEKCIJA_KUD_IDKUD, KOREOGRAF_IDZ) VALUES (36, 18, 52);
INSERT INTO VODI (SEKCIJA_IDS, SEKCIJA_KUD_IDKUD, KOREOGRAF_IDZ) VALUES (37, 19, 55);
INSERT INTO VODI (SEKCIJA_IDS, SEKCIJA_KUD_IDKUD, KOREOGRAF_IDZ) VALUES (38, 19, 55);
INSERT INTO VODI (SEKCIJA_IDS, SEKCIJA_KUD_IDKUD, KOREOGRAF_IDZ) VALUES (39, 20, 58);
INSERT INTO VODI (SEKCIJA_IDS, SEKCIJA_KUD_IDKUD, KOREOGRAF_IDZ) VALUES (40, 20, 58);
INSERT INTO VODI (SEKCIJA_IDS, SEKCIJA_KUD_IDKUD, KOREOGRAF_IDZ) VALUES (41, 20, 58);
INSERT INTO VODI (SEKCIJA_IDS, SEKCIJA_KUD_IDKUD, KOREOGRAF_IDZ) VALUES (42, 20, 58);
INSERT INTO VODI (SEKCIJA_IDS, SEKCIJA_KUD_IDKUD, KOREOGRAF_IDZ) VALUES (43, 20, 58);
INSERT INTO VODI (SEKCIJA_IDS, SEKCIJA_KUD_IDKUD, KOREOGRAF_IDZ) VALUES (44, 21, 61);
INSERT INTO VODI (SEKCIJA_IDS, SEKCIJA_KUD_IDKUD, KOREOGRAF_IDZ) VALUES (45, 21, 61);
INSERT INTO VODI (SEKCIJA_IDS, SEKCIJA_KUD_IDKUD, KOREOGRAF_IDZ) VALUES (46, 21, 61);
INSERT INTO VODI (SEKCIJA_IDS, SEKCIJA_KUD_IDKUD, KOREOGRAF_IDZ) VALUES (47, 22, 64);
INSERT INTO VODI (SEKCIJA_IDS, SEKCIJA_KUD_IDKUD, KOREOGRAF_IDZ) VALUES (48, 22, 64);
INSERT INTO VODI (SEKCIJA_IDS, SEKCIJA_KUD_IDKUD, KOREOGRAF_IDZ) VALUES (49, 22, 64);
INSERT INTO VODI (SEKCIJA_IDS, SEKCIJA_KUD_IDKUD, KOREOGRAF_IDZ) VALUES (50, 22, 64);
INSERT INTO VODI (SEKCIJA_IDS, SEKCIJA_KUD_IDKUD, KOREOGRAF_IDZ) VALUES (51, 23, 67);
INSERT INTO VODI (SEKCIJA_IDS, SEKCIJA_KUD_IDKUD, KOREOGRAF_IDZ) VALUES (52, 23, 67);
INSERT INTO VODI (SEKCIJA_IDS, SEKCIJA_KUD_IDKUD, KOREOGRAF_IDZ) VALUES (53, 23, 67);
INSERT INTO VODI (SEKCIJA_IDS, SEKCIJA_KUD_IDKUD, KOREOGRAF_IDZ) VALUES (54, 23, 67);
INSERT INTO VODI (SEKCIJA_IDS, SEKCIJA_KUD_IDKUD, KOREOGRAF_IDZ) VALUES (55, 24, 70);
INSERT INTO VODI (SEKCIJA_IDS, SEKCIJA_KUD_IDKUD, KOREOGRAF_IDZ) VALUES (56, 24, 70);
INSERT INTO VODI (SEKCIJA_IDS, SEKCIJA_KUD_IDKUD, KOREOGRAF_IDZ) VALUES (57, 24, 70);
INSERT INTO VODI (SEKCIJA_IDS, SEKCIJA_KUD_IDKUD, KOREOGRAF_IDZ) VALUES (58, 24, 70);
INSERT INTO VODI (SEKCIJA_IDS, SEKCIJA_KUD_IDKUD, KOREOGRAF_IDZ) VALUES (59, 25, 73);
INSERT INTO VODI (SEKCIJA_IDS, SEKCIJA_KUD_IDKUD, KOREOGRAF_IDZ) VALUES (60, 25, 73);
INSERT INTO VODI (SEKCIJA_IDS, SEKCIJA_KUD_IDKUD, KOREOGRAF_IDZ) VALUES (61, 25, 73);
INSERT INTO VODI (SEKCIJA_IDS, SEKCIJA_KUD_IDKUD, KOREOGRAF_IDZ) VALUES (62, 25, 73);
INSERT INTO VODI (SEKCIJA_IDS, SEKCIJA_KUD_IDKUD, KOREOGRAF_IDZ) VALUES (63, 26, 76);
INSERT INTO VODI (SEKCIJA_IDS, SEKCIJA_KUD_IDKUD, KOREOGRAF_IDZ) VALUES (64, 26, 76);
INSERT INTO VODI (SEKCIJA_IDS, SEKCIJA_KUD_IDKUD, KOREOGRAF_IDZ) VALUES (65, 26, 76);
INSERT INTO VODI (SEKCIJA_IDS, SEKCIJA_KUD_IDKUD, KOREOGRAF_IDZ) VALUES (66, 26, 76);
INSERT INTO VODI (SEKCIJA_IDS, SEKCIJA_KUD_IDKUD, KOREOGRAF_IDZ) VALUES (67, 27, 79);
INSERT INTO VODI (SEKCIJA_IDS, SEKCIJA_KUD_IDKUD, KOREOGRAF_IDZ) VALUES (68, 27, 79);
INSERT INTO VODI (SEKCIJA_IDS, SEKCIJA_KUD_IDKUD, KOREOGRAF_IDZ) VALUES (69, 27, 79);
INSERT INTO VODI (SEKCIJA_IDS, SEKCIJA_KUD_IDKUD, KOREOGRAF_IDZ) VALUES (70, 27, 79);
INSERT INTO VODI (SEKCIJA_IDS, SEKCIJA_KUD_IDKUD, KOREOGRAF_IDZ) VALUES (71, 28, 82);
INSERT INTO VODI (SEKCIJA_IDS, SEKCIJA_KUD_IDKUD, KOREOGRAF_IDZ) VALUES (72, 28, 82);
INSERT INTO VODI (SEKCIJA_IDS, SEKCIJA_KUD_IDKUD, KOREOGRAF_IDZ) VALUES (73, 28, 82);
INSERT INTO VODI (SEKCIJA_IDS, SEKCIJA_KUD_IDKUD, KOREOGRAF_IDZ) VALUES (74, 28, 82);
INSERT INTO VODI (SEKCIJA_IDS, SEKCIJA_KUD_IDKUD, KOREOGRAF_IDZ) VALUES (75, 29, 85);
INSERT INTO VODI (SEKCIJA_IDS, SEKCIJA_KUD_IDKUD, KOREOGRAF_IDZ) VALUES (76, 29, 85);
INSERT INTO VODI (SEKCIJA_IDS, SEKCIJA_KUD_IDKUD, KOREOGRAF_IDZ) VALUES (77, 29, 85);
INSERT INTO VODI (SEKCIJA_IDS, SEKCIJA_KUD_IDKUD, KOREOGRAF_IDZ) VALUES (78, 29, 85);
INSERT INTO VODI (SEKCIJA_IDS, SEKCIJA_KUD_IDKUD, KOREOGRAF_IDZ) VALUES (79, 30, 88);
INSERT INTO VODI (SEKCIJA_IDS, SEKCIJA_KUD_IDKUD, KOREOGRAF_IDZ) VALUES (80, 30, 88);
INSERT INTO VODI (SEKCIJA_IDS, SEKCIJA_KUD_IDKUD, KOREOGRAF_IDZ) VALUES (81, 30, 88);
INSERT INTO VODI (SEKCIJA_IDS, SEKCIJA_KUD_IDKUD, KOREOGRAF_IDZ) VALUES (82, 30, 88);
INSERT INTO VODI (SEKCIJA_IDS, SEKCIJA_KUD_IDKUD, KOREOGRAF_IDZ) VALUES (83, 31, 91);
INSERT INTO VODI (SEKCIJA_IDS, SEKCIJA_KUD_IDKUD, KOREOGRAF_IDZ) VALUES (84, 31, 91);
INSERT INTO VODI (SEKCIJA_IDS, SEKCIJA_KUD_IDKUD, KOREOGRAF_IDZ) VALUES (85, 31, 91);
INSERT INTO VODI (SEKCIJA_IDS, SEKCIJA_KUD_IDKUD, KOREOGRAF_IDZ) VALUES (86, 31, 91);
INSERT INTO VODI (SEKCIJA_IDS, SEKCIJA_KUD_IDKUD, KOREOGRAF_IDZ) VALUES (87, 32, 94);
INSERT INTO VODI (SEKCIJA_IDS, SEKCIJA_KUD_IDKUD, KOREOGRAF_IDZ) VALUES (88, 32, 94);
INSERT INTO VODI (SEKCIJA_IDS, SEKCIJA_KUD_IDKUD, KOREOGRAF_IDZ) VALUES (89, 32, 94);
INSERT INTO VODI (SEKCIJA_IDS, SEKCIJA_KUD_IDKUD, KOREOGRAF_IDZ) VALUES (90, 32, 94);
INSERT INTO VODI (SEKCIJA_IDS, SEKCIJA_KUD_IDKUD, KOREOGRAF_IDZ) VALUES (91, 33, 97);
INSERT INTO VODI (SEKCIJA_IDS, SEKCIJA_KUD_IDKUD, KOREOGRAF_IDZ) VALUES (92, 33, 97);
INSERT INTO VODI (SEKCIJA_IDS, SEKCIJA_KUD_IDKUD, KOREOGRAF_IDZ) VALUES (93, 33, 97);
INSERT INTO VODI (SEKCIJA_IDS, SEKCIJA_KUD_IDKUD, KOREOGRAF_IDZ) VALUES (94, 33, 97);
INSERT INTO VODI (SEKCIJA_IDS, SEKCIJA_KUD_IDKUD, KOREOGRAF_IDZ) VALUES (95, 34, 100);
INSERT INTO VODI (SEKCIJA_IDS, SEKCIJA_KUD_IDKUD, KOREOGRAF_IDZ) VALUES (96, 34, 100);
INSERT INTO VODI (SEKCIJA_IDS, SEKCIJA_KUD_IDKUD, KOREOGRAF_IDZ) VALUES (97, 34, 100);
INSERT INTO VODI (SEKCIJA_IDS, SEKCIJA_KUD_IDKUD, KOREOGRAF_IDZ) VALUES (98, 34, 100);
INSERT INTO VODI (SEKCIJA_IDS, SEKCIJA_KUD_IDKUD, KOREOGRAF_IDZ) VALUES (99, 35, 103);
INSERT INTO VODI (SEKCIJA_IDS, SEKCIJA_KUD_IDKUD, KOREOGRAF_IDZ) VALUES (100, 35, 103);
INSERT INTO VODI (SEKCIJA_IDS, SEKCIJA_KUD_IDKUD, KOREOGRAF_IDZ) VALUES (101, 35, 103);
INSERT INTO VODI (SEKCIJA_IDS, SEKCIJA_KUD_IDKUD, KOREOGRAF_IDZ) VALUES (102, 35, 103);

--PROBA
INSERT INTO PROBA (IDP, TRP, VRPOCP) VALUES (1, 2, 'PON 18:00');
INSERT INTO PROBA (IDP, TRP, VRPOCP) VALUES (2, 2, 'PON 20:00');
INSERT INTO PROBA (IDP, TRP, VRPOCP) VALUES (3, 2, 'UTO 18:00');
INSERT INTO PROBA (IDP, TRP, VRPOCP) VALUES (4, 2, 'UTO 20:00');
INSERT INTO PROBA (IDP, TRP, VRPOCP) VALUES (5, 2, 'SRE 18:00');
INSERT INTO PROBA (IDP, TRP, VRPOCP) VALUES (6, 2, 'SRE 20:00');
INSERT INTO PROBA (IDP, TRP, VRPOCP) VALUES (7, 2, 'CET 18:00');
INSERT INTO PROBA (IDP, TRP, VRPOCP) VALUES (8, 2, 'CET 20:00');
INSERT INTO PROBA (IDP, TRP, VRPOCP) VALUES (9, 2, 'PET 18:00');
INSERT INTO PROBA (IDP, TRP, VRPOCP) VALUES (10, 2, 'PET 20:00');

--JE CLAN
INSERT INTO JE (CLAN_IDC, CLAN_JMBGC, SEKCIJA_IDS, SEKCIJA_KUD_IDKUD) VALUES (1, '0101990123456', 71, 28);
INSERT INTO JE (CLAN_IDC, CLAN_JMBGC, SEKCIJA_IDS, SEKCIJA_KUD_IDKUD) VALUES (2, '0202980789456', 71, 28);
INSERT INTO JE (CLAN_IDC, CLAN_JMBGC, SEKCIJA_IDS, SEKCIJA_KUD_IDKUD) VALUES (3, '0303975342176', 71, 28);
INSERT INTO JE (CLAN_IDC, CLAN_JMBGC, SEKCIJA_IDS, SEKCIJA_KUD_IDKUD) VALUES (4, '0404995891347', 71, 28);
INSERT INTO JE (CLAN_IDC, CLAN_JMBGC, SEKCIJA_IDS, SEKCIJA_KUD_IDKUD) VALUES (5, '0505993623418', 71, 28);
INSERT INTO JE (CLAN_IDC, CLAN_JMBGC, SEKCIJA_IDS, SEKCIJA_KUD_IDKUD) VALUES (6, '0606991359871', 71, 28);
INSERT INTO JE (CLAN_IDC, CLAN_JMBGC, SEKCIJA_IDS, SEKCIJA_KUD_IDKUD) VALUES (7, '0707989548723', 71, 28);
INSERT INTO JE (CLAN_IDC, CLAN_JMBGC, SEKCIJA_IDS, SEKCIJA_KUD_IDKUD) VALUES (8, '0808992239812', 71, 28);
INSERT INTO JE (CLAN_IDC, CLAN_JMBGC, SEKCIJA_IDS, SEKCIJA_KUD_IDKUD) VALUES (9, '0909990384795', 71, 28);
INSERT INTO JE (CLAN_IDC, CLAN_JMBGC, SEKCIJA_IDS, SEKCIJA_KUD_IDKUD) VALUES (10, '1010993234578', 71, 28);
INSERT INTO JE (CLAN_IDC, CLAN_JMBGC, SEKCIJA_IDS, SEKCIJA_KUD_IDKUD) VALUES (11, '1111987872341', 71, 28);
INSERT INTO JE (CLAN_IDC, CLAN_JMBGC, SEKCIJA_IDS, SEKCIJA_KUD_IDKUD) VALUES (12, '1212979723418', 71, 28);
INSERT INTO JE (CLAN_IDC, CLAN_JMBGC, SEKCIJA_IDS, SEKCIJA_KUD_IDKUD) VALUES (13, '1301978425679', 72, 28);
INSERT INTO JE (CLAN_IDC, CLAN_JMBGC, SEKCIJA_IDS, SEKCIJA_KUD_IDKUD) VALUES (14, '1402976812340', 72, 28);
INSERT INTO JE (CLAN_IDC, CLAN_JMBGC, SEKCIJA_IDS, SEKCIJA_KUD_IDKUD) VALUES (15, '1503974698123', 72, 28);
INSERT INTO JE (CLAN_IDC, CLAN_JMBGC, SEKCIJA_IDS, SEKCIJA_KUD_IDKUD) VALUES (16, '1604972984571', 72, 28);
INSERT INTO JE (CLAN_IDC, CLAN_JMBGC, SEKCIJA_IDS, SEKCIJA_KUD_IDKUD) VALUES (17, '1705970283645', 72, 28);
INSERT INTO JE (CLAN_IDC, CLAN_JMBGC, SEKCIJA_IDS, SEKCIJA_KUD_IDKUD) VALUES (18, '1806968372918', 72, 28);
INSERT INTO JE (CLAN_IDC, CLAN_JMBGC, SEKCIJA_IDS, SEKCIJA_KUD_IDKUD) VALUES (19, '1907966821347', 72, 28);
INSERT INTO JE (CLAN_IDC, CLAN_JMBGC, SEKCIJA_IDS, SEKCIJA_KUD_IDKUD) VALUES (20, '2008964217895', 72, 28);
INSERT INTO JE (CLAN_IDC, CLAN_JMBGC, SEKCIJA_IDS, SEKCIJA_KUD_IDKUD) VALUES (21, '2109962712345', 72, 28);
INSERT INTO JE (CLAN_IDC, CLAN_JMBGC, SEKCIJA_IDS, SEKCIJA_KUD_IDKUD) VALUES (22, '2210001923418', 72, 28);
INSERT INTO JE (CLAN_IDC, CLAN_JMBGC, SEKCIJA_IDS, SEKCIJA_KUD_IDKUD) VALUES (23, '2311999234567', 72, 28);
INSERT INTO JE (CLAN_IDC, CLAN_JMBGC, SEKCIJA_IDS, SEKCIJA_KUD_IDKUD) VALUES (24, '2412997789123', 72, 28);
INSERT INTO JE (CLAN_IDC, CLAN_JMBGC, SEKCIJA_IDS, SEKCIJA_KUD_IDKUD) VALUES (25, '2501005348976', 73, 28);
INSERT INTO JE (CLAN_IDC, CLAN_JMBGC, SEKCIJA_IDS, SEKCIJA_KUD_IDKUD) VALUES (26, '2602003912340', 73, 28);
INSERT INTO JE (CLAN_IDC, CLAN_JMBGC, SEKCIJA_IDS, SEKCIJA_KUD_IDKUD) VALUES (27, '2703001234987', 73, 28);
INSERT INTO JE (CLAN_IDC, CLAN_JMBGC, SEKCIJA_IDS, SEKCIJA_KUD_IDKUD) VALUES (28, '2804009678345', 73, 28);
INSERT INTO JE (CLAN_IDC, CLAN_JMBGC, SEKCIJA_IDS, SEKCIJA_KUD_IDKUD) VALUES (29, '2905996812374', 73, 28);
INSERT INTO JE (CLAN_IDC, CLAN_JMBGC, SEKCIJA_IDS, SEKCIJA_KUD_IDKUD) VALUES (30, '3006002834567', 73, 28);
INSERT INTO JE (CLAN_IDC, CLAN_JMBGC, SEKCIJA_IDS, SEKCIJA_KUD_IDKUD) VALUES (31, '3107003723189', 73, 28);
INSERT INTO JE (CLAN_IDC, CLAN_JMBGC, SEKCIJA_IDS, SEKCIJA_KUD_IDKUD) VALUES (32, '0108001678910', 73, 28);
INSERT INTO JE (CLAN_IDC, CLAN_JMBGC, SEKCIJA_IDS, SEKCIJA_KUD_IDKUD) VALUES (33, '0309999567891', 73, 28);
INSERT INTO JE (CLAN_IDC, CLAN_JMBGC, SEKCIJA_IDS, SEKCIJA_KUD_IDKUD) VALUES (34, '0410007456721', 73, 28);
INSERT INTO JE (CLAN_IDC, CLAN_JMBGC, SEKCIJA_IDS, SEKCIJA_KUD_IDKUD) VALUES (35, '0511989345789', 73, 28);
INSERT INTO JE (CLAN_IDC, CLAN_JMBGC, SEKCIJA_IDS, SEKCIJA_KUD_IDKUD) VALUES (36, '0612003289345', 73, 28);
INSERT INTO JE (CLAN_IDC, CLAN_JMBGC, SEKCIJA_IDS, SEKCIJA_KUD_IDKUD) VALUES (37, '0703998876543', 74, 28);
INSERT INTO JE (CLAN_IDC, CLAN_JMBGC, SEKCIJA_IDS, SEKCIJA_KUD_IDKUD) VALUES (38, '0804995765432', 74, 28);
INSERT INTO JE (CLAN_IDC, CLAN_JMBGC, SEKCIJA_IDS, SEKCIJA_KUD_IDKUD) VALUES (39, '0905008654321', 74, 28);
INSERT INTO JE (CLAN_IDC, CLAN_JMBGC, SEKCIJA_IDS, SEKCIJA_KUD_IDKUD) VALUES (40, '1006006543210', 74, 28);
INSERT INTO JE (CLAN_IDC, CLAN_JMBGC, SEKCIJA_IDS, SEKCIJA_KUD_IDKUD) VALUES (41, '1107003432109', 74, 28);
INSERT INTO JE (CLAN_IDC, CLAN_JMBGC, SEKCIJA_IDS, SEKCIJA_KUD_IDKUD) VALUES (42, '1208997321098', 74, 28);
INSERT INTO JE (CLAN_IDC, CLAN_JMBGC, SEKCIJA_IDS, SEKCIJA_KUD_IDKUD) VALUES (43, '1309009210987', 74, 28);
INSERT INTO JE (CLAN_IDC, CLAN_JMBGC, SEKCIJA_IDS, SEKCIJA_KUD_IDKUD) VALUES (44, '1410007109876', 74, 28);
INSERT INTO JE (CLAN_IDC, CLAN_JMBGC, SEKCIJA_IDS, SEKCIJA_KUD_IDKUD) VALUES (45, '1511005098765', 74, 28);
INSERT INTO JE (CLAN_IDC, CLAN_JMBGC, SEKCIJA_IDS, SEKCIJA_KUD_IDKUD) VALUES (46, '1612003987654', 74, 28);
INSERT INTO JE (CLAN_IDC, CLAN_JMBGC, SEKCIJA_IDS, SEKCIJA_KUD_IDKUD) VALUES (47, '1703010876543', 1, 1);
INSERT INTO JE (CLAN_IDC, CLAN_JMBGC, SEKCIJA_IDS, SEKCIJA_KUD_IDKUD) VALUES (48, '1804009765432', 1, 1);
INSERT INTO JE (CLAN_IDC, CLAN_JMBGC, SEKCIJA_IDS, SEKCIJA_KUD_IDKUD) VALUES (49, '1905007654321', 1, 1);
INSERT INTO JE (CLAN_IDC, CLAN_JMBGC, SEKCIJA_IDS, SEKCIJA_KUD_IDKUD) VALUES (50, '2006995543210', 1, 1);

--ODRZAVA SE
INSERT INTO ODRZAVASE (PROBA_IDP, SEKCIJA_IDS, SEKCIJA_KUD_IDKUD) VALUES (2, 71, 28);
INSERT INTO ODRZAVASE (PROBA_IDP, SEKCIJA_IDS, SEKCIJA_KUD_IDKUD) VALUES (8, 71, 28);
INSERT INTO ODRZAVASE (PROBA_IDP, SEKCIJA_IDS, SEKCIJA_KUD_IDKUD) VALUES (1, 72, 28);
INSERT INTO ODRZAVASE (PROBA_IDP, SEKCIJA_IDS, SEKCIJA_KUD_IDKUD) VALUES (7, 72, 28);
INSERT INTO ODRZAVASE (PROBA_IDP, SEKCIJA_IDS, SEKCIJA_KUD_IDKUD) VALUES (4, 73, 28);
INSERT INTO ODRZAVASE (PROBA_IDP, SEKCIJA_IDS, SEKCIJA_KUD_IDKUD) VALUES (10, 73, 28);
INSERT INTO ODRZAVASE (PROBA_IDP, SEKCIJA_IDS, SEKCIJA_KUD_IDKUD) VALUES (3, 74, 28);
INSERT INTO ODRZAVASE (PROBA_IDP, SEKCIJA_IDS, SEKCIJA_KUD_IDKUD) VALUES (9, 74, 28);
INSERT INTO ODRZAVASE (PROBA_IDP, SEKCIJA_IDS, SEKCIJA_KUD_IDKUD) VALUES (6, 2, 1);
-- INSERT INTO ODRZAVASE (PROBA_IDP, SEKCIJA_IDS, SEKCIJA_KUD_IDKUD) VALUES (2, 1, 1);
-- INSERT INTO ODRZAVASE (PROBA_IDP, SEKCIJA_IDS, SEKCIJA_KUD_IDKUD) VALUES (8, 1, 1);
-- INSERT INTO ODRZAVASE (PROBA_IDP, SEKCIJA_IDS, SEKCIJA_KUD_IDKUD) VALUES (10, 2, 1);


--IDE 
INSERT INTO IDE (ODRZAVASE_IDP, ODRZAVASE_IDS, ODRZAVASE_IDKUD, JE_IDC, JE_JMBGC, JE_IDS, JE_IDKUD) VALUES (2, 71, 28, 1, '0101990123456', 71, 28);
INSERT INTO IDE (ODRZAVASE_IDP, ODRZAVASE_IDS, ODRZAVASE_IDKUD, JE_IDC, JE_JMBGC, JE_IDS, JE_IDKUD) VALUES (2, 71, 28, 2, '0202980789456', 71, 28);
INSERT INTO IDE (ODRZAVASE_IDP, ODRZAVASE_IDS, ODRZAVASE_IDKUD, JE_IDC, JE_JMBGC, JE_IDS, JE_IDKUD) VALUES (2, 71, 28, 3, '0303975342176', 71, 28);
INSERT INTO IDE (ODRZAVASE_IDP, ODRZAVASE_IDS, ODRZAVASE_IDKUD, JE_IDC, JE_JMBGC, JE_IDS, JE_IDKUD) VALUES (2, 71, 28, 4, '0404995891347', 71, 28);
INSERT INTO IDE (ODRZAVASE_IDP, ODRZAVASE_IDS, ODRZAVASE_IDKUD, JE_IDC, JE_JMBGC, JE_IDS, JE_IDKUD) VALUES (2, 71, 28, 5, '0505993623418', 71, 28);
INSERT INTO IDE (ODRZAVASE_IDP, ODRZAVASE_IDS, ODRZAVASE_IDKUD, JE_IDC, JE_JMBGC, JE_IDS, JE_IDKUD) VALUES (2, 71, 28, 6, '0606991359871', 71, 28);
INSERT INTO IDE (ODRZAVASE_IDP, ODRZAVASE_IDS, ODRZAVASE_IDKUD, JE_IDC, JE_JMBGC, JE_IDS, JE_IDKUD) VALUES (2, 71, 28, 7, '0707989548723', 71, 28);
INSERT INTO IDE (ODRZAVASE_IDP, ODRZAVASE_IDS, ODRZAVASE_IDKUD, JE_IDC, JE_JMBGC, JE_IDS, JE_IDKUD) VALUES (2, 71, 28, 8, '0808992239812', 71, 28);
INSERT INTO IDE (ODRZAVASE_IDP, ODRZAVASE_IDS, ODRZAVASE_IDKUD, JE_IDC, JE_JMBGC, JE_IDS, JE_IDKUD) VALUES (2, 71, 28, 9, '0909990384795', 71, 28);
INSERT INTO IDE (ODRZAVASE_IDP, ODRZAVASE_IDS, ODRZAVASE_IDKUD, JE_IDC, JE_JMBGC, JE_IDS, JE_IDKUD) VALUES (2, 71, 28, 10, '1010993234578', 71, 28);
INSERT INTO IDE (ODRZAVASE_IDP, ODRZAVASE_IDS, ODRZAVASE_IDKUD, JE_IDC, JE_JMBGC, JE_IDS, JE_IDKUD) VALUES (2, 71, 28, 11, '1111987872341', 71, 28);
INSERT INTO IDE (ODRZAVASE_IDP, ODRZAVASE_IDS, ODRZAVASE_IDKUD, JE_IDC, JE_JMBGC, JE_IDS, JE_IDKUD) VALUES (2, 71, 28, 12, '1212979723418', 71, 28);
INSERT INTO IDE (ODRZAVASE_IDP, ODRZAVASE_IDS, ODRZAVASE_IDKUD, JE_IDC, JE_JMBGC, JE_IDS, JE_IDKUD) VALUES (8, 71, 28, 1, '0101990123456', 71, 28);
INSERT INTO IDE (ODRZAVASE_IDP, ODRZAVASE_IDS, ODRZAVASE_IDKUD, JE_IDC, JE_JMBGC, JE_IDS, JE_IDKUD) VALUES (8, 71, 28, 2, '0202980789456', 71, 28);
INSERT INTO IDE (ODRZAVASE_IDP, ODRZAVASE_IDS, ODRZAVASE_IDKUD, JE_IDC, JE_JMBGC, JE_IDS, JE_IDKUD) VALUES (8, 71, 28, 3, '0303975342176', 71, 28);
INSERT INTO IDE (ODRZAVASE_IDP, ODRZAVASE_IDS, ODRZAVASE_IDKUD, JE_IDC, JE_JMBGC, JE_IDS, JE_IDKUD) VALUES (8, 71, 28, 4, '0404995891347', 71, 28);
INSERT INTO IDE (ODRZAVASE_IDP, ODRZAVASE_IDS, ODRZAVASE_IDKUD, JE_IDC, JE_JMBGC, JE_IDS, JE_IDKUD) VALUES (8, 71, 28, 5, '0505993623418', 71, 28);
INSERT INTO IDE (ODRZAVASE_IDP, ODRZAVASE_IDS, ODRZAVASE_IDKUD, JE_IDC, JE_JMBGC, JE_IDS, JE_IDKUD) VALUES (8, 71, 28, 6, '0606991359871', 71, 28);
INSERT INTO IDE (ODRZAVASE_IDP, ODRZAVASE_IDS, ODRZAVASE_IDKUD, JE_IDC, JE_JMBGC, JE_IDS, JE_IDKUD) VALUES (8, 71, 28, 7, '0707989548723', 71, 28);
INSERT INTO IDE (ODRZAVASE_IDP, ODRZAVASE_IDS, ODRZAVASE_IDKUD, JE_IDC, JE_JMBGC, JE_IDS, JE_IDKUD) VALUES (8, 71, 28, 8, '0808992239812', 71, 28);
INSERT INTO IDE (ODRZAVASE_IDP, ODRZAVASE_IDS, ODRZAVASE_IDKUD, JE_IDC, JE_JMBGC, JE_IDS, JE_IDKUD) VALUES (8, 71, 28, 9, '0909990384795', 71, 28);
INSERT INTO IDE (ODRZAVASE_IDP, ODRZAVASE_IDS, ODRZAVASE_IDKUD, JE_IDC, JE_JMBGC, JE_IDS, JE_IDKUD) VALUES (8, 71, 28, 10, '1010993234578', 71, 28);
INSERT INTO IDE (ODRZAVASE_IDP, ODRZAVASE_IDS, ODRZAVASE_IDKUD, JE_IDC, JE_JMBGC, JE_IDS, JE_IDKUD) VALUES (8, 71, 28, 11, '1111987872341', 71, 28);
INSERT INTO IDE (ODRZAVASE_IDP, ODRZAVASE_IDS, ODRZAVASE_IDKUD, JE_IDC, JE_JMBGC, JE_IDS, JE_IDKUD) VALUES (8, 71, 28, 12, '1212979723418', 71, 28);
INSERT INTO IDE (ODRZAVASE_IDP, ODRZAVASE_IDS, ODRZAVASE_IDKUD, JE_IDC, JE_JMBGC, JE_IDS, JE_IDKUD) VALUES (1, 72, 28, 13, '1301978425679', 72, 28);
INSERT INTO IDE (ODRZAVASE_IDP, ODRZAVASE_IDS, ODRZAVASE_IDKUD, JE_IDC, JE_JMBGC, JE_IDS, JE_IDKUD) VALUES (1, 72, 28, 14, '1402976812340', 72, 28);
INSERT INTO IDE (ODRZAVASE_IDP, ODRZAVASE_IDS, ODRZAVASE_IDKUD, JE_IDC, JE_JMBGC, JE_IDS, JE_IDKUD) VALUES (1, 72, 28, 15, '1503974698123', 72, 28);
INSERT INTO IDE (ODRZAVASE_IDP, ODRZAVASE_IDS, ODRZAVASE_IDKUD, JE_IDC, JE_JMBGC, JE_IDS, JE_IDKUD) VALUES (1, 72, 28, 16, '1604972984571', 72, 28);
INSERT INTO IDE (ODRZAVASE_IDP, ODRZAVASE_IDS, ODRZAVASE_IDKUD, JE_IDC, JE_JMBGC, JE_IDS, JE_IDKUD) VALUES (1, 72, 28, 17, '1705970283645', 72, 28);
INSERT INTO IDE (ODRZAVASE_IDP, ODRZAVASE_IDS, ODRZAVASE_IDKUD, JE_IDC, JE_JMBGC, JE_IDS, JE_IDKUD) VALUES (1, 72, 28, 18, '1806968372918', 72, 28);
INSERT INTO IDE (ODRZAVASE_IDP, ODRZAVASE_IDS, ODRZAVASE_IDKUD, JE_IDC, JE_JMBGC, JE_IDS, JE_IDKUD) VALUES (1, 72, 28, 19, '1907966821347', 72, 28);
INSERT INTO IDE (ODRZAVASE_IDP, ODRZAVASE_IDS, ODRZAVASE_IDKUD, JE_IDC, JE_JMBGC, JE_IDS, JE_IDKUD) VALUES (1, 72, 28, 20, '2008964217895', 72, 28);
INSERT INTO IDE (ODRZAVASE_IDP, ODRZAVASE_IDS, ODRZAVASE_IDKUD, JE_IDC, JE_JMBGC, JE_IDS, JE_IDKUD) VALUES (1, 72, 28, 21, '2109962712345', 72, 28);
INSERT INTO IDE (ODRZAVASE_IDP, ODRZAVASE_IDS, ODRZAVASE_IDKUD, JE_IDC, JE_JMBGC, JE_IDS, JE_IDKUD) VALUES (1, 72, 28, 22, '2210001923418', 72, 28);
INSERT INTO IDE (ODRZAVASE_IDP, ODRZAVASE_IDS, ODRZAVASE_IDKUD, JE_IDC, JE_JMBGC, JE_IDS, JE_IDKUD) VALUES (1, 72, 28, 23, '2311999234567', 72, 28);
INSERT INTO IDE (ODRZAVASE_IDP, ODRZAVASE_IDS, ODRZAVASE_IDKUD, JE_IDC, JE_JMBGC, JE_IDS, JE_IDKUD) VALUES (1, 72, 28, 24, '2412997789123', 72, 28);
INSERT INTO IDE (ODRZAVASE_IDP, ODRZAVASE_IDS, ODRZAVASE_IDKUD, JE_IDC, JE_JMBGC, JE_IDS, JE_IDKUD) VALUES (7, 72, 28, 13, '1301978425679', 72, 28);
INSERT INTO IDE (ODRZAVASE_IDP, ODRZAVASE_IDS, ODRZAVASE_IDKUD, JE_IDC, JE_JMBGC, JE_IDS, JE_IDKUD) VALUES (7, 72, 28, 14, '1402976812340', 72, 28);
INSERT INTO IDE (ODRZAVASE_IDP, ODRZAVASE_IDS, ODRZAVASE_IDKUD, JE_IDC, JE_JMBGC, JE_IDS, JE_IDKUD) VALUES (7, 72, 28, 15, '1503974698123', 72, 28);
INSERT INTO IDE (ODRZAVASE_IDP, ODRZAVASE_IDS, ODRZAVASE_IDKUD, JE_IDC, JE_JMBGC, JE_IDS, JE_IDKUD) VALUES (7, 72, 28, 16, '1604972984571', 72, 28);
INSERT INTO IDE (ODRZAVASE_IDP, ODRZAVASE_IDS, ODRZAVASE_IDKUD, JE_IDC, JE_JMBGC, JE_IDS, JE_IDKUD) VALUES (7, 72, 28, 17, '1705970283645', 72, 28);
INSERT INTO IDE (ODRZAVASE_IDP, ODRZAVASE_IDS, ODRZAVASE_IDKUD, JE_IDC, JE_JMBGC, JE_IDS, JE_IDKUD) VALUES (7, 72, 28, 18, '1806968372918', 72, 28);
INSERT INTO IDE (ODRZAVASE_IDP, ODRZAVASE_IDS, ODRZAVASE_IDKUD, JE_IDC, JE_JMBGC, JE_IDS, JE_IDKUD) VALUES (7, 72, 28, 19, '1907966821347', 72, 28);
INSERT INTO IDE (ODRZAVASE_IDP, ODRZAVASE_IDS, ODRZAVASE_IDKUD, JE_IDC, JE_JMBGC, JE_IDS, JE_IDKUD) VALUES (7, 72, 28, 20, '2008964217895', 72, 28);
INSERT INTO IDE (ODRZAVASE_IDP, ODRZAVASE_IDS, ODRZAVASE_IDKUD, JE_IDC, JE_JMBGC, JE_IDS, JE_IDKUD) VALUES (7, 72, 28, 21, '2109962712345', 72, 28);
INSERT INTO IDE (ODRZAVASE_IDP, ODRZAVASE_IDS, ODRZAVASE_IDKUD, JE_IDC, JE_JMBGC, JE_IDS, JE_IDKUD) VALUES (7, 72, 28, 22, '2210001923418', 72, 28);
INSERT INTO IDE (ODRZAVASE_IDP, ODRZAVASE_IDS, ODRZAVASE_IDKUD, JE_IDC, JE_JMBGC, JE_IDS, JE_IDKUD) VALUES (7, 72, 28, 23, '2311999234567', 72, 28);
INSERT INTO IDE (ODRZAVASE_IDP, ODRZAVASE_IDS, ODRZAVASE_IDKUD, JE_IDC, JE_JMBGC, JE_IDS, JE_IDKUD) VALUES (7, 72, 28, 24, '2412997789123', 72, 28);
INSERT INTO IDE (ODRZAVASE_IDP, ODRZAVASE_IDS, ODRZAVASE_IDKUD, JE_IDC, JE_JMBGC, JE_IDS, JE_IDKUD) VALUES (4, 73, 28, 25, '2501005348976', 73, 28);
INSERT INTO IDE (ODRZAVASE_IDP, ODRZAVASE_IDS, ODRZAVASE_IDKUD, JE_IDC, JE_JMBGC, JE_IDS, JE_IDKUD) VALUES (4, 73, 28, 26, '2602003912340', 73, 28);
INSERT INTO IDE (ODRZAVASE_IDP, ODRZAVASE_IDS, ODRZAVASE_IDKUD, JE_IDC, JE_JMBGC, JE_IDS, JE_IDKUD) VALUES (4, 73, 28, 27, '2703001234987', 73, 28);
INSERT INTO IDE (ODRZAVASE_IDP, ODRZAVASE_IDS, ODRZAVASE_IDKUD, JE_IDC, JE_JMBGC, JE_IDS, JE_IDKUD) VALUES (4, 73, 28, 28, '2804009678345', 73, 28);
INSERT INTO IDE (ODRZAVASE_IDP, ODRZAVASE_IDS, ODRZAVASE_IDKUD, JE_IDC, JE_JMBGC, JE_IDS, JE_IDKUD) VALUES (4, 73, 28, 29, '2905996812374', 73, 28);
INSERT INTO IDE (ODRZAVASE_IDP, ODRZAVASE_IDS, ODRZAVASE_IDKUD, JE_IDC, JE_JMBGC, JE_IDS, JE_IDKUD) VALUES (4, 73, 28, 30, '3006002834567', 73, 28);
INSERT INTO IDE (ODRZAVASE_IDP, ODRZAVASE_IDS, ODRZAVASE_IDKUD, JE_IDC, JE_JMBGC, JE_IDS, JE_IDKUD) VALUES (4, 73, 28, 31, '3107003723189', 73, 28);
INSERT INTO IDE (ODRZAVASE_IDP, ODRZAVASE_IDS, ODRZAVASE_IDKUD, JE_IDC, JE_JMBGC, JE_IDS, JE_IDKUD) VALUES (4, 73, 28, 32, '0108001678910', 73, 28);
INSERT INTO IDE (ODRZAVASE_IDP, ODRZAVASE_IDS, ODRZAVASE_IDKUD, JE_IDC, JE_JMBGC, JE_IDS, JE_IDKUD) VALUES (4, 73, 28, 33, '0309999567891', 73, 28);
INSERT INTO IDE (ODRZAVASE_IDP, ODRZAVASE_IDS, ODRZAVASE_IDKUD, JE_IDC, JE_JMBGC, JE_IDS, JE_IDKUD) VALUES (4, 73, 28, 34, '0410007456721', 73, 28);
INSERT INTO IDE (ODRZAVASE_IDP, ODRZAVASE_IDS, ODRZAVASE_IDKUD, JE_IDC, JE_JMBGC, JE_IDS, JE_IDKUD) VALUES (4, 73, 28, 35, '0511989345789', 73, 28);
INSERT INTO IDE (ODRZAVASE_IDP, ODRZAVASE_IDS, ODRZAVASE_IDKUD, JE_IDC, JE_JMBGC, JE_IDS, JE_IDKUD) VALUES (4, 73, 28, 36, '0612003289345', 73, 28);
INSERT INTO IDE (ODRZAVASE_IDP, ODRZAVASE_IDS, ODRZAVASE_IDKUD, JE_IDC, JE_JMBGC, JE_IDS, JE_IDKUD) VALUES (10, 73, 28, 25, '2501005348976', 73, 28);
INSERT INTO IDE (ODRZAVASE_IDP, ODRZAVASE_IDS, ODRZAVASE_IDKUD, JE_IDC, JE_JMBGC, JE_IDS, JE_IDKUD) VALUES (10, 73, 28, 26, '2602003912340', 73, 28);
INSERT INTO IDE (ODRZAVASE_IDP, ODRZAVASE_IDS, ODRZAVASE_IDKUD, JE_IDC, JE_JMBGC, JE_IDS, JE_IDKUD) VALUES (10, 73, 28, 27, '2703001234987', 73, 28);
INSERT INTO IDE (ODRZAVASE_IDP, ODRZAVASE_IDS, ODRZAVASE_IDKUD, JE_IDC, JE_JMBGC, JE_IDS, JE_IDKUD) VALUES (10, 73, 28, 28, '2804009678345', 73, 28);
INSERT INTO IDE (ODRZAVASE_IDP, ODRZAVASE_IDS, ODRZAVASE_IDKUD, JE_IDC, JE_JMBGC, JE_IDS, JE_IDKUD) VALUES (10, 73, 28, 29, '2905996812374', 73, 28);
INSERT INTO IDE (ODRZAVASE_IDP, ODRZAVASE_IDS, ODRZAVASE_IDKUD, JE_IDC, JE_JMBGC, JE_IDS, JE_IDKUD) VALUES (10, 73, 28, 30, '3006002834567', 73, 28);
INSERT INTO IDE (ODRZAVASE_IDP, ODRZAVASE_IDS, ODRZAVASE_IDKUD, JE_IDC, JE_JMBGC, JE_IDS, JE_IDKUD) VALUES (10, 73, 28, 31, '3107003723189', 73, 28);
INSERT INTO IDE (ODRZAVASE_IDP, ODRZAVASE_IDS, ODRZAVASE_IDKUD, JE_IDC, JE_JMBGC, JE_IDS, JE_IDKUD) VALUES (10, 73, 28, 32, '0108001678910', 73, 28);
INSERT INTO IDE (ODRZAVASE_IDP, ODRZAVASE_IDS, ODRZAVASE_IDKUD, JE_IDC, JE_JMBGC, JE_IDS, JE_IDKUD) VALUES (10, 73, 28, 33, '0309999567891', 73, 28);
INSERT INTO IDE (ODRZAVASE_IDP, ODRZAVASE_IDS, ODRZAVASE_IDKUD, JE_IDC, JE_JMBGC, JE_IDS, JE_IDKUD) VALUES (10, 73, 28, 34, '0410007456721', 73, 28);
INSERT INTO IDE (ODRZAVASE_IDP, ODRZAVASE_IDS, ODRZAVASE_IDKUD, JE_IDC, JE_JMBGC, JE_IDS, JE_IDKUD) VALUES (10, 73, 28, 35, '0511989345789', 73, 28);
INSERT INTO IDE (ODRZAVASE_IDP, ODRZAVASE_IDS, ODRZAVASE_IDKUD, JE_IDC, JE_JMBGC, JE_IDS, JE_IDKUD) VALUES (10, 73, 28, 36, '0612003289345', 73, 28);
INSERT INTO IDE (ODRZAVASE_IDP, ODRZAVASE_IDS, ODRZAVASE_IDKUD, JE_IDC, JE_JMBGC, JE_IDS, JE_IDKUD) VALUES (3, 74, 28, 37, '0703998876543', 74, 28);
INSERT INTO IDE (ODRZAVASE_IDP, ODRZAVASE_IDS, ODRZAVASE_IDKUD, JE_IDC, JE_JMBGC, JE_IDS, JE_IDKUD) VALUES (3, 74, 28, 38, '0804995765432', 74, 28);
INSERT INTO IDE (ODRZAVASE_IDP, ODRZAVASE_IDS, ODRZAVASE_IDKUD, JE_IDC, JE_JMBGC, JE_IDS, JE_IDKUD) VALUES (3, 74, 28, 39, '0905008654321', 74, 28);
INSERT INTO IDE (ODRZAVASE_IDP, ODRZAVASE_IDS, ODRZAVASE_IDKUD, JE_IDC, JE_JMBGC, JE_IDS, JE_IDKUD) VALUES (3, 74, 28, 40, '1006006543210', 74, 28);
INSERT INTO IDE (ODRZAVASE_IDP, ODRZAVASE_IDS, ODRZAVASE_IDKUD, JE_IDC, JE_JMBGC, JE_IDS, JE_IDKUD) VALUES (3, 74, 28, 41, '1107003432109', 74, 28);
INSERT INTO IDE (ODRZAVASE_IDP, ODRZAVASE_IDS, ODRZAVASE_IDKUD, JE_IDC, JE_JMBGC, JE_IDS, JE_IDKUD) VALUES (3, 74, 28, 42, '1208997321098', 74, 28);
INSERT INTO IDE (ODRZAVASE_IDP, ODRZAVASE_IDS, ODRZAVASE_IDKUD, JE_IDC, JE_JMBGC, JE_IDS, JE_IDKUD) VALUES (3, 74, 28, 43, '1309009210987', 74, 28);
INSERT INTO IDE (ODRZAVASE_IDP, ODRZAVASE_IDS, ODRZAVASE_IDKUD, JE_IDC, JE_JMBGC, JE_IDS, JE_IDKUD) VALUES (3, 74, 28, 44, '1410007109876', 74, 28);
INSERT INTO IDE (ODRZAVASE_IDP, ODRZAVASE_IDS, ODRZAVASE_IDKUD, JE_IDC, JE_JMBGC, JE_IDS, JE_IDKUD) VALUES (3, 74, 28, 45, '1511005098765', 74, 28);
INSERT INTO IDE (ODRZAVASE_IDP, ODRZAVASE_IDS, ODRZAVASE_IDKUD, JE_IDC, JE_JMBGC, JE_IDS, JE_IDKUD) VALUES (3, 74, 28, 46, '1612003987654', 74, 28);
INSERT INTO IDE (ODRZAVASE_IDP, ODRZAVASE_IDS, ODRZAVASE_IDKUD, JE_IDC, JE_JMBGC, JE_IDS, JE_IDKUD) VALUES (9, 74, 28, 37, '0703998876543', 74, 28);
INSERT INTO IDE (ODRZAVASE_IDP, ODRZAVASE_IDS, ODRZAVASE_IDKUD, JE_IDC, JE_JMBGC, JE_IDS, JE_IDKUD) VALUES (9, 74, 28, 38, '0804995765432', 74, 28);
INSERT INTO IDE (ODRZAVASE_IDP, ODRZAVASE_IDS, ODRZAVASE_IDKUD, JE_IDC, JE_JMBGC, JE_IDS, JE_IDKUD) VALUES (9, 74, 28, 39, '0905008654321', 74, 28);
INSERT INTO IDE (ODRZAVASE_IDP, ODRZAVASE_IDS, ODRZAVASE_IDKUD, JE_IDC, JE_JMBGC, JE_IDS, JE_IDKUD) VALUES (9, 74, 28, 40, '1006006543210', 74, 28);
INSERT INTO IDE (ODRZAVASE_IDP, ODRZAVASE_IDS, ODRZAVASE_IDKUD, JE_IDC, JE_JMBGC, JE_IDS, JE_IDKUD) VALUES (9, 74, 28, 41, '1107003432109', 74, 28);
INSERT INTO IDE (ODRZAVASE_IDP, ODRZAVASE_IDS, ODRZAVASE_IDKUD, JE_IDC, JE_JMBGC, JE_IDS, JE_IDKUD) VALUES (9, 74, 28, 42, '1208997321098', 74, 28);
INSERT INTO IDE (ODRZAVASE_IDP, ODRZAVASE_IDS, ODRZAVASE_IDKUD, JE_IDC, JE_JMBGC, JE_IDS, JE_IDKUD) VALUES (9, 74, 28, 43, '1309009210987', 74, 28);
INSERT INTO IDE (ODRZAVASE_IDP, ODRZAVASE_IDS, ODRZAVASE_IDKUD, JE_IDC, JE_JMBGC, JE_IDS, JE_IDKUD) VALUES (9, 74, 28, 44, '1410007109876', 74, 28);
INSERT INTO IDE (ODRZAVASE_IDP, ODRZAVASE_IDS, ODRZAVASE_IDKUD, JE_IDC, JE_JMBGC, JE_IDS, JE_IDKUD) VALUES (9, 74, 28, 45, '1511005098765', 74, 28);
INSERT INTO IDE (ODRZAVASE_IDP, ODRZAVASE_IDS, ODRZAVASE_IDKUD, JE_IDC, JE_JMBGC, JE_IDS, JE_IDKUD) VALUES (9, 74, 28, 46, '1612003987654', 74, 28);

--CLANARINA
INSERT INTO CLANARINA (IDCL, IZNCL, DATPLCL, CLAN_IDC, CLAN_JMBGC, SEKRETAR_IDZ, SEKRETAR_JMBGZ) VALUES (1, 20, TO_DATE('2025-01-03', 'YYYY-MM-DD'), 1, 0101990123456, 83, '2205997181231');
INSERT INTO CLANARINA (IDCL, IZNCL, DATPLCL, CLAN_IDC, CLAN_JMBGC, SEKRETAR_IDZ, SEKRETAR_JMBGZ) VALUES (2, 20, TO_DATE('2025-01-17', 'YYYY-MM-DD'), 2, 0202980789456, 83, '2205997181231');
INSERT INTO CLANARINA (IDCL, IZNCL, DATPLCL, CLAN_IDC, CLAN_JMBGC, SEKRETAR_IDZ, SEKRETAR_JMBGZ) VALUES (3, 20, TO_DATE('2025-01-30', 'YYYY-MM-DD'), 3, 0303975342176, 83, '2205997181231');
INSERT INTO CLANARINA (IDCL, IZNCL, DATPLCL, CLAN_IDC, CLAN_JMBGC, SEKRETAR_IDZ, SEKRETAR_JMBGZ) VALUES (4, 20, TO_DATE('2025-01-19', 'YYYY-MM-DD'), 4, 0404995891347, 83, '2205997181231');
INSERT INTO CLANARINA (IDCL, IZNCL, DATPLCL, CLAN_IDC, CLAN_JMBGC, SEKRETAR_IDZ, SEKRETAR_JMBGZ) VALUES (5, 20, TO_DATE('2025-01-20', 'YYYY-MM-DD'), 5, 0505993623418, 83, '2205997181231');
INSERT INTO CLANARINA (IDCL, IZNCL, DATPLCL, CLAN_IDC, CLAN_JMBGC, SEKRETAR_IDZ, SEKRETAR_JMBGZ) VALUES (6, 20, TO_DATE('2025-01-17', 'YYYY-MM-DD'), 6, 0606991359871, 83, '2205997181231');
INSERT INTO CLANARINA (IDCL, IZNCL, DATPLCL, CLAN_IDC, CLAN_JMBGC, SEKRETAR_IDZ, SEKRETAR_JMBGZ) VALUES (7, 20, TO_DATE('2025-01-16', 'YYYY-MM-DD'), 7, 0707989548723, 83, '2205997181231');
INSERT INTO CLANARINA (IDCL, IZNCL, DATPLCL, CLAN_IDC, CLAN_JMBGC, SEKRETAR_IDZ, SEKRETAR_JMBGZ) VALUES (8, 20, TO_DATE('2025-01-17', 'YYYY-MM-DD'), 8, 0808992239812, 83, '2205997181231');
INSERT INTO CLANARINA (IDCL, IZNCL, DATPLCL, CLAN_IDC, CLAN_JMBGC, SEKRETAR_IDZ, SEKRETAR_JMBGZ) VALUES (9, 20, TO_DATE('2025-01-17', 'YYYY-MM-DD'), 9, 0909990384795, 83, '2205997181231');
INSERT INTO CLANARINA (IDCL, IZNCL, DATPLCL, CLAN_IDC, CLAN_JMBGC, SEKRETAR_IDZ, SEKRETAR_JMBGZ) VALUES (10, 20, TO_DATE('2025-01-11', 'YYYY-MM-DD'), 10, 1010993234578, 83, '2205997181231');
INSERT INTO CLANARINA (IDCL, IZNCL, DATPLCL, CLAN_IDC, CLAN_JMBGC, SEKRETAR_IDZ, SEKRETAR_JMBGZ) VALUES (11, 20, TO_DATE('2025-01-19', 'YYYY-MM-DD'), 11, 1111987872341, 83, '2205997181231');
INSERT INTO CLANARINA (IDCL, IZNCL, DATPLCL, CLAN_IDC, CLAN_JMBGC, SEKRETAR_IDZ, SEKRETAR_JMBGZ) VALUES (12, 20, TO_DATE('2025-01-18', 'YYYY-MM-DD'), 12, 1212979723418, 83, '2205997181231');
INSERT INTO CLANARINA (IDCL, IZNCL, DATPLCL, CLAN_IDC, CLAN_JMBGC, SEKRETAR_IDZ, SEKRETAR_JMBGZ) VALUES (13, 20, TO_DATE('2025-01-01', 'YYYY-MM-DD'), 13, 1301978425679, 83, '2205997181231');
INSERT INTO CLANARINA (IDCL, IZNCL, DATPLCL, CLAN_IDC, CLAN_JMBGC, SEKRETAR_IDZ, SEKRETAR_JMBGZ) VALUES (14, 20, TO_DATE('2025-01-21', 'YYYY-MM-DD'), 14, 1402976812340, 83, '2205997181231');
INSERT INTO CLANARINA (IDCL, IZNCL, DATPLCL, CLAN_IDC, CLAN_JMBGC, SEKRETAR_IDZ, SEKRETAR_JMBGZ) VALUES (15, 20, TO_DATE('2025-01-16', 'YYYY-MM-DD'), 15, 1503974698123, 83, '2205997181231');
INSERT INTO CLANARINA (IDCL, IZNCL, DATPLCL, CLAN_IDC, CLAN_JMBGC, SEKRETAR_IDZ, SEKRETAR_JMBGZ) VALUES (16, 20, TO_DATE('2025-01-16', 'YYYY-MM-DD'), 16, 1604972984571, 83, '2205997181231');
INSERT INTO CLANARINA (IDCL, IZNCL, DATPLCL, CLAN_IDC, CLAN_JMBGC, SEKRETAR_IDZ, SEKRETAR_JMBGZ) VALUES (17, 20, TO_DATE('2025-01-13', 'YYYY-MM-DD'), 17, 1705970283645, 83, '2205997181231');
INSERT INTO CLANARINA (IDCL, IZNCL, DATPLCL, CLAN_IDC, CLAN_JMBGC, SEKRETAR_IDZ, SEKRETAR_JMBGZ) VALUES (18, 20, TO_DATE('2025-01-23', 'YYYY-MM-DD'), 18, 1806968372918, 83, '2205997181231');
INSERT INTO CLANARINA (IDCL, IZNCL, DATPLCL, CLAN_IDC, CLAN_JMBGC, SEKRETAR_IDZ, SEKRETAR_JMBGZ) VALUES (19, 20, TO_DATE('2025-01-06', 'YYYY-MM-DD'), 19, 1907966821347, 83, '2205997181231');
INSERT INTO CLANARINA (IDCL, IZNCL, DATPLCL, CLAN_IDC, CLAN_JMBGC, SEKRETAR_IDZ, SEKRETAR_JMBGZ) VALUES (20, 20, TO_DATE('2025-01-25', 'YYYY-MM-DD'), 20, 2008964217895, 83, '2205997181231');
INSERT INTO CLANARINA (IDCL, IZNCL, DATPLCL, CLAN_IDC, CLAN_JMBGC, SEKRETAR_IDZ, SEKRETAR_JMBGZ) VALUES (21, 20, TO_DATE('2025-01-21', 'YYYY-MM-DD'), 21, 2109962712345, 83, '2205997181231');
INSERT INTO CLANARINA (IDCL, IZNCL, DATPLCL, CLAN_IDC, CLAN_JMBGC, SEKRETAR_IDZ, SEKRETAR_JMBGZ) VALUES (22, 20, TO_DATE('2025-01-01', 'YYYY-MM-DD'), 22, 2210001923418, 83, '2205997181231');
INSERT INTO CLANARINA (IDCL, IZNCL, DATPLCL, CLAN_IDC, CLAN_JMBGC, SEKRETAR_IDZ, SEKRETAR_JMBGZ) VALUES (23, 20, TO_DATE('2025-01-22', 'YYYY-MM-DD'), 23, 2311999234567, 83, '2205997181231');
INSERT INTO CLANARINA (IDCL, IZNCL, DATPLCL, CLAN_IDC, CLAN_JMBGC, SEKRETAR_IDZ, SEKRETAR_JMBGZ) VALUES (24, 20, TO_DATE('2025-01-25', 'YYYY-MM-DD'), 24, 2412997789123, 83, '2205997181231');
INSERT INTO CLANARINA (IDCL, IZNCL, DATPLCL, CLAN_IDC, CLAN_JMBGC, SEKRETAR_IDZ, SEKRETAR_JMBGZ) VALUES (25, 20, TO_DATE('2025-01-17', 'YYYY-MM-DD'), 25, 2501005348976, 83, '2205997181231');
INSERT INTO CLANARINA (IDCL, IZNCL, DATPLCL, CLAN_IDC, CLAN_JMBGC, SEKRETAR_IDZ, SEKRETAR_JMBGZ) VALUES (26, 20, TO_DATE('2025-01-22', 'YYYY-MM-DD'), 26, 2602003912340, 83, '2205997181231');
INSERT INTO CLANARINA (IDCL, IZNCL, DATPLCL, CLAN_IDC, CLAN_JMBGC, SEKRETAR_IDZ, SEKRETAR_JMBGZ) VALUES (27, 20, TO_DATE('2025-01-26', 'YYYY-MM-DD'), 27, 2703001234987, 83, '2205997181231');
INSERT INTO CLANARINA (IDCL, IZNCL, DATPLCL, CLAN_IDC, CLAN_JMBGC, SEKRETAR_IDZ, SEKRETAR_JMBGZ) VALUES (28, 20, TO_DATE('2025-01-14', 'YYYY-MM-DD'), 28, 2804009678345, 83, '2205997181231');
INSERT INTO CLANARINA (IDCL, IZNCL, DATPLCL, CLAN_IDC, CLAN_JMBGC, SEKRETAR_IDZ, SEKRETAR_JMBGZ) VALUES (29, 20, TO_DATE('2025-01-30', 'YYYY-MM-DD'), 29, 2905996812374, 83, '2205997181231');
INSERT INTO CLANARINA (IDCL, IZNCL, DATPLCL, CLAN_IDC, CLAN_JMBGC, SEKRETAR_IDZ, SEKRETAR_JMBGZ) VALUES (30, 20, TO_DATE('2025-01-16', 'YYYY-MM-DD'), 30, 3006002834567, 83, '2205997181231');
INSERT INTO CLANARINA (IDCL, IZNCL, DATPLCL, CLAN_IDC, CLAN_JMBGC, SEKRETAR_IDZ, SEKRETAR_JMBGZ) VALUES (31, 20, TO_DATE('2025-01-15', 'YYYY-MM-DD'), 31, 3107003723189, 83, '2205997181231');
INSERT INTO CLANARINA (IDCL, IZNCL, DATPLCL, CLAN_IDC, CLAN_JMBGC, SEKRETAR_IDZ, SEKRETAR_JMBGZ) VALUES (32, 20, TO_DATE('2025-01-13', 'YYYY-MM-DD'), 32, 0108001678910, 83, '2205997181231');
INSERT INTO CLANARINA (IDCL, IZNCL, DATPLCL, CLAN_IDC, CLAN_JMBGC, SEKRETAR_IDZ, SEKRETAR_JMBGZ) VALUES (33, 20, TO_DATE('2025-01-13', 'YYYY-MM-DD'), 33, 0309999567891, 83, '2205997181231');
INSERT INTO CLANARINA (IDCL, IZNCL, DATPLCL, CLAN_IDC, CLAN_JMBGC, SEKRETAR_IDZ, SEKRETAR_JMBGZ) VALUES (34, 20, TO_DATE('2025-01-04', 'YYYY-MM-DD'), 34, 0410007456721, 83, '2205997181231');
INSERT INTO CLANARINA (IDCL, IZNCL, DATPLCL, CLAN_IDC, CLAN_JMBGC, SEKRETAR_IDZ, SEKRETAR_JMBGZ) VALUES (35, 20, TO_DATE('2025-01-24', 'YYYY-MM-DD'), 35, 0511989345789, 83, '2205997181231');
INSERT INTO CLANARINA (IDCL, IZNCL, DATPLCL, CLAN_IDC, CLAN_JMBGC, SEKRETAR_IDZ, SEKRETAR_JMBGZ) VALUES (36, 20, TO_DATE('2025-01-24', 'YYYY-MM-DD'), 36, 0612003289345, 83, '2205997181231');
INSERT INTO CLANARINA (IDCL, IZNCL, DATPLCL, CLAN_IDC, CLAN_JMBGC, SEKRETAR_IDZ, SEKRETAR_JMBGZ) VALUES (37, 20, TO_DATE('2025-01-05', 'YYYY-MM-DD'), 37, 0703998876543, 83, '2205997181231');
INSERT INTO CLANARINA (IDCL, IZNCL, DATPLCL, CLAN_IDC, CLAN_JMBGC, SEKRETAR_IDZ, SEKRETAR_JMBGZ) VALUES (38, 20, TO_DATE('2025-01-04', 'YYYY-MM-DD'), 38, 0804995765432, 83, '2205997181231');
INSERT INTO CLANARINA (IDCL, IZNCL, DATPLCL, CLAN_IDC, CLAN_JMBGC, SEKRETAR_IDZ, SEKRETAR_JMBGZ) VALUES (39, 20, TO_DATE('2025-01-14', 'YYYY-MM-DD'), 39, 0905008654321, 83, '2205997181231');
INSERT INTO CLANARINA (IDCL, IZNCL, DATPLCL, CLAN_IDC, CLAN_JMBGC, SEKRETAR_IDZ, SEKRETAR_JMBGZ) VALUES (40, 20, TO_DATE('2025-01-24', 'YYYY-MM-DD'), 40, 1006006543210, 83, '2205997181231');
INSERT INTO CLANARINA (IDCL, IZNCL, DATPLCL, CLAN_IDC, CLAN_JMBGC, SEKRETAR_IDZ, SEKRETAR_JMBGZ) VALUES (41, 20, TO_DATE('2025-01-02', 'YYYY-MM-DD'), 41, 1107003432109, 83, '2205997181231');
INSERT INTO CLANARINA (IDCL, IZNCL, DATPLCL, CLAN_IDC, CLAN_JMBGC, SEKRETAR_IDZ, SEKRETAR_JMBGZ) VALUES (42, 20, TO_DATE('2025-01-27', 'YYYY-MM-DD'), 42, 1208997321098, 83, '2205997181231');
INSERT INTO CLANARINA (IDCL, IZNCL, DATPLCL, CLAN_IDC, CLAN_JMBGC, SEKRETAR_IDZ, SEKRETAR_JMBGZ) VALUES (43, 20, TO_DATE('2025-01-26', 'YYYY-MM-DD'), 43, 1309009210987, 83, '2205997181231');
INSERT INTO CLANARINA (IDCL, IZNCL, DATPLCL, CLAN_IDC, CLAN_JMBGC, SEKRETAR_IDZ, SEKRETAR_JMBGZ) VALUES (44, 20, TO_DATE('2025-01-21', 'YYYY-MM-DD'), 44, 1410007109876, 83, '2205997181231');
INSERT INTO CLANARINA (IDCL, IZNCL, DATPLCL, CLAN_IDC, CLAN_JMBGC, SEKRETAR_IDZ, SEKRETAR_JMBGZ) VALUES (45, 20, TO_DATE('2025-01-18', 'YYYY-MM-DD'), 45, 1511005098765, 83, '2205997181231');
INSERT INTO CLANARINA (IDCL, IZNCL, DATPLCL, CLAN_IDC, CLAN_JMBGC, SEKRETAR_IDZ, SEKRETAR_JMBGZ) VALUES (46, 20, TO_DATE('2025-01-29', 'YYYY-MM-DD'), 46, 1612003987654, 83, '2205997181231');
INSERT INTO CLANARINA (IDCL, IZNCL, DATPLCL, CLAN_IDC, CLAN_JMBGC, SEKRETAR_IDZ, SEKRETAR_JMBGZ) VALUES (47, 20, TO_DATE('2025-02-10', 'YYYY-MM-DD'), 1, 0101990123456, 83, '2205997181231');
INSERT INTO CLANARINA (IDCL, IZNCL, DATPLCL, CLAN_IDC, CLAN_JMBGC, SEKRETAR_IDZ, SEKRETAR_JMBGZ) VALUES (48, 20, TO_DATE('2025-02-04', 'YYYY-MM-DD'), 2, 0202980789456, 83, '2205997181231');
INSERT INTO CLANARINA (IDCL, IZNCL, DATPLCL, CLAN_IDC, CLAN_JMBGC, SEKRETAR_IDZ, SEKRETAR_JMBGZ) VALUES (49, 20, TO_DATE('2025-02-15', 'YYYY-MM-DD'), 3, 0303975342176, 83, '2205997181231');
INSERT INTO CLANARINA (IDCL, IZNCL, DATPLCL, CLAN_IDC, CLAN_JMBGC, SEKRETAR_IDZ, SEKRETAR_JMBGZ) VALUES (50, 20, TO_DATE('2025-02-06', 'YYYY-MM-DD'), 4, 0404995891347, 83, '2205997181231');
INSERT INTO CLANARINA (IDCL, IZNCL, DATPLCL, CLAN_IDC, CLAN_JMBGC, SEKRETAR_IDZ, SEKRETAR_JMBGZ) VALUES (51, 20, TO_DATE('2025-02-07', 'YYYY-MM-DD'), 5, 0505993623418, 83, '2205997181231');
INSERT INTO CLANARINA (IDCL, IZNCL, DATPLCL, CLAN_IDC, CLAN_JMBGC, SEKRETAR_IDZ, SEKRETAR_JMBGZ) VALUES (52, 20, TO_DATE('2025-02-02', 'YYYY-MM-DD'), 6, 0606991359871, 83, '2205997181231');
INSERT INTO CLANARINA (IDCL, IZNCL, DATPLCL, CLAN_IDC, CLAN_JMBGC, SEKRETAR_IDZ, SEKRETAR_JMBGZ) VALUES (53, 20, TO_DATE('2025-02-07', 'YYYY-MM-DD'), 7, 0707989548723, 83, '2205997181231');
INSERT INTO CLANARINA (IDCL, IZNCL, DATPLCL, CLAN_IDC, CLAN_JMBGC, SEKRETAR_IDZ, SEKRETAR_JMBGZ) VALUES (54, 20, TO_DATE('2025-02-09', 'YYYY-MM-DD'), 8, 0808992239812, 83, '2205997181231');
INSERT INTO CLANARINA (IDCL, IZNCL, DATPLCL, CLAN_IDC, CLAN_JMBGC, SEKRETAR_IDZ, SEKRETAR_JMBGZ) VALUES (55, 20, TO_DATE('2025-02-14', 'YYYY-MM-DD'), 9, 0909990384795, 83, '2205997181231');
INSERT INTO CLANARINA (IDCL, IZNCL, DATPLCL, CLAN_IDC, CLAN_JMBGC, SEKRETAR_IDZ, SEKRETAR_JMBGZ) VALUES (56, 20, TO_DATE('2025-02-01', 'YYYY-MM-DD'), 10, 1010993234578, 83, '2205997181231');
INSERT INTO CLANARINA (IDCL, IZNCL, DATPLCL, CLAN_IDC, CLAN_JMBGC, SEKRETAR_IDZ, SEKRETAR_JMBGZ) VALUES (57, 20, TO_DATE('2025-02-22', 'YYYY-MM-DD'), 11, 1111987872341, 83, '2205997181231');
INSERT INTO CLANARINA (IDCL, IZNCL, DATPLCL, CLAN_IDC, CLAN_JMBGC, SEKRETAR_IDZ, SEKRETAR_JMBGZ) VALUES (58, 20, TO_DATE('2025-02-14', 'YYYY-MM-DD'), 12, 1212979723418, 83, '2205997181231');
INSERT INTO CLANARINA (IDCL, IZNCL, DATPLCL, CLAN_IDC, CLAN_JMBGC, SEKRETAR_IDZ, SEKRETAR_JMBGZ) VALUES (59, 20, TO_DATE('2025-02-10', 'YYYY-MM-DD'), 13, 1301978425679, 83, '2205997181231');
INSERT INTO CLANARINA (IDCL, IZNCL, DATPLCL, CLAN_IDC, CLAN_JMBGC, SEKRETAR_IDZ, SEKRETAR_JMBGZ) VALUES (60, 20, TO_DATE('2025-02-05', 'YYYY-MM-DD'), 14, 1402976812340, 83, '2205997181231');
INSERT INTO CLANARINA (IDCL, IZNCL, DATPLCL, CLAN_IDC, CLAN_JMBGC, SEKRETAR_IDZ, SEKRETAR_JMBGZ) VALUES (61, 20, TO_DATE('2025-02-22', 'YYYY-MM-DD'), 15, 1503974698123, 83, '2205997181231');
INSERT INTO CLANARINA (IDCL, IZNCL, DATPLCL, CLAN_IDC, CLAN_JMBGC, SEKRETAR_IDZ, SEKRETAR_JMBGZ) VALUES (62, 20, TO_DATE('2025-02-23', 'YYYY-MM-DD'), 16, 1604972984571, 83, '2205997181231');
INSERT INTO CLANARINA (IDCL, IZNCL, DATPLCL, CLAN_IDC, CLAN_JMBGC, SEKRETAR_IDZ, SEKRETAR_JMBGZ) VALUES (63, 20, TO_DATE('2025-02-13', 'YYYY-MM-DD'), 17, 1705970283645, 83, '2205997181231');
INSERT INTO CLANARINA (IDCL, IZNCL, DATPLCL, CLAN_IDC, CLAN_JMBGC, SEKRETAR_IDZ, SEKRETAR_JMBGZ) VALUES (64, 20, TO_DATE('2025-02-14', 'YYYY-MM-DD'), 18, 1806968372918, 83, '2205997181231');
INSERT INTO CLANARINA (IDCL, IZNCL, DATPLCL, CLAN_IDC, CLAN_JMBGC, SEKRETAR_IDZ, SEKRETAR_JMBGZ) VALUES (65, 20, TO_DATE('2025-02-16', 'YYYY-MM-DD'), 19, 1907966821347, 83, '2205997181231');
INSERT INTO CLANARINA (IDCL, IZNCL, DATPLCL, CLAN_IDC, CLAN_JMBGC, SEKRETAR_IDZ, SEKRETAR_JMBGZ) VALUES (66, 20, TO_DATE('2025-02-01', 'YYYY-MM-DD'), 20, 2008964217895, 83, '2205997181231');
INSERT INTO CLANARINA (IDCL, IZNCL, DATPLCL, CLAN_IDC, CLAN_JMBGC, SEKRETAR_IDZ, SEKRETAR_JMBGZ) VALUES (67, 20, TO_DATE('2025-02-20', 'YYYY-MM-DD'), 21, 2109962712345, 83, '2205997181231');
INSERT INTO CLANARINA (IDCL, IZNCL, DATPLCL, CLAN_IDC, CLAN_JMBGC, SEKRETAR_IDZ, SEKRETAR_JMBGZ) VALUES (68, 20, TO_DATE('2025-02-26', 'YYYY-MM-DD'), 22, 2210001923418, 83, '2205997181231');
INSERT INTO CLANARINA (IDCL, IZNCL, DATPLCL, CLAN_IDC, CLAN_JMBGC, SEKRETAR_IDZ, SEKRETAR_JMBGZ) VALUES (69, 20, TO_DATE('2025-02-20', 'YYYY-MM-DD'), 23, 2311999234567, 83, '2205997181231');
INSERT INTO CLANARINA (IDCL, IZNCL, DATPLCL, CLAN_IDC, CLAN_JMBGC, SEKRETAR_IDZ, SEKRETAR_JMBGZ) VALUES (70, 20, TO_DATE('2025-02-02', 'YYYY-MM-DD'), 24, 2412997789123, 83, '2205997181231');
INSERT INTO CLANARINA (IDCL, IZNCL, DATPLCL, CLAN_IDC, CLAN_JMBGC, SEKRETAR_IDZ, SEKRETAR_JMBGZ) VALUES (71, 20, TO_DATE('2025-02-21', 'YYYY-MM-DD'), 25, 2501005348976, 83, '2205997181231');
INSERT INTO CLANARINA (IDCL, IZNCL, DATPLCL, CLAN_IDC, CLAN_JMBGC, SEKRETAR_IDZ, SEKRETAR_JMBGZ) VALUES (72, 20, TO_DATE('2025-02-16', 'YYYY-MM-DD'), 26, 2602003912340, 83, '2205997181231');
INSERT INTO CLANARINA (IDCL, IZNCL, DATPLCL, CLAN_IDC, CLAN_JMBGC, SEKRETAR_IDZ, SEKRETAR_JMBGZ) VALUES (73, 20, TO_DATE('2025-02-22', 'YYYY-MM-DD'), 27, 2703001234987, 83, '2205997181231');
INSERT INTO CLANARINA (IDCL, IZNCL, DATPLCL, CLAN_IDC, CLAN_JMBGC, SEKRETAR_IDZ, SEKRETAR_JMBGZ) VALUES (74, 20, TO_DATE('2025-02-19', 'YYYY-MM-DD'), 28, 2804009678345, 83, '2205997181231');
INSERT INTO CLANARINA (IDCL, IZNCL, DATPLCL, CLAN_IDC, CLAN_JMBGC, SEKRETAR_IDZ, SEKRETAR_JMBGZ) VALUES (75, 20, TO_DATE('2025-02-06', 'YYYY-MM-DD'), 29, 2905996812374, 83, '2205997181231');
INSERT INTO CLANARINA (IDCL, IZNCL, DATPLCL, CLAN_IDC, CLAN_JMBGC, SEKRETAR_IDZ, SEKRETAR_JMBGZ) VALUES (76, 20, TO_DATE('2025-02-27', 'YYYY-MM-DD'), 30, 3006002834567, 83, '2205997181231');
INSERT INTO CLANARINA (IDCL, IZNCL, DATPLCL, CLAN_IDC, CLAN_JMBGC, SEKRETAR_IDZ, SEKRETAR_JMBGZ) VALUES (77, 20, TO_DATE('2025-02-09', 'YYYY-MM-DD'), 31, 3107003723189, 83, '2205997181231');
INSERT INTO CLANARINA (IDCL, IZNCL, DATPLCL, CLAN_IDC, CLAN_JMBGC, SEKRETAR_IDZ, SEKRETAR_JMBGZ) VALUES (78, 20, TO_DATE('2025-02-03', 'YYYY-MM-DD'), 32, 0108001678910, 83, '2205997181231');
INSERT INTO CLANARINA (IDCL, IZNCL, DATPLCL, CLAN_IDC, CLAN_JMBGC, SEKRETAR_IDZ, SEKRETAR_JMBGZ) VALUES (79, 20, TO_DATE('2025-02-17', 'YYYY-MM-DD'), 33, 0309999567891, 83, '2205997181231');
INSERT INTO CLANARINA (IDCL, IZNCL, DATPLCL, CLAN_IDC, CLAN_JMBGC, SEKRETAR_IDZ, SEKRETAR_JMBGZ) VALUES (80, 20, TO_DATE('2025-02-09', 'YYYY-MM-DD'), 34, 0410007456721, 83, '2205997181231');
INSERT INTO CLANARINA (IDCL, IZNCL, DATPLCL, CLAN_IDC, CLAN_JMBGC, SEKRETAR_IDZ, SEKRETAR_JMBGZ) VALUES (81, 20, TO_DATE('2025-02-07', 'YYYY-MM-DD'), 35, 0511989345789, 83, '2205997181231');
INSERT INTO CLANARINA (IDCL, IZNCL, DATPLCL, CLAN_IDC, CLAN_JMBGC, SEKRETAR_IDZ, SEKRETAR_JMBGZ) VALUES (82, 20, TO_DATE('2025-02-13', 'YYYY-MM-DD'), 36, 0612003289345, 83, '2205997181231');
INSERT INTO CLANARINA (IDCL, IZNCL, DATPLCL, CLAN_IDC, CLAN_JMBGC, SEKRETAR_IDZ, SEKRETAR_JMBGZ) VALUES (83, 20, TO_DATE('2025-02-09', 'YYYY-MM-DD'), 37, 0703998876543, 83, '2205997181231');
INSERT INTO CLANARINA (IDCL, IZNCL, DATPLCL, CLAN_IDC, CLAN_JMBGC, SEKRETAR_IDZ, SEKRETAR_JMBGZ) VALUES (84, 20, TO_DATE('2025-02-21', 'YYYY-MM-DD'), 38, 0804995765432, 83, '2205997181231');
INSERT INTO CLANARINA (IDCL, IZNCL, DATPLCL, CLAN_IDC, CLAN_JMBGC, SEKRETAR_IDZ, SEKRETAR_JMBGZ) VALUES (85, 20, TO_DATE('2025-02-07', 'YYYY-MM-DD'), 39, 0905008654321, 83, '2205997181231');
INSERT INTO CLANARINA (IDCL, IZNCL, DATPLCL, CLAN_IDC, CLAN_JMBGC, SEKRETAR_IDZ, SEKRETAR_JMBGZ) VALUES (86, 20, TO_DATE('2025-02-14', 'YYYY-MM-DD'), 40, 1006006543210, 83, '2205997181231');
INSERT INTO CLANARINA (IDCL, IZNCL, DATPLCL, CLAN_IDC, CLAN_JMBGC, SEKRETAR_IDZ, SEKRETAR_JMBGZ) VALUES (87, 20, TO_DATE('2025-02-22', 'YYYY-MM-DD'), 41, 1107003432109, 83, '2205997181231');
INSERT INTO CLANARINA (IDCL, IZNCL, DATPLCL, CLAN_IDC, CLAN_JMBGC, SEKRETAR_IDZ, SEKRETAR_JMBGZ) VALUES (88, 20, TO_DATE('2025-02-23', 'YYYY-MM-DD'), 42, 1208997321098, 83, '2205997181231');
INSERT INTO CLANARINA (IDCL, IZNCL, DATPLCL, CLAN_IDC, CLAN_JMBGC, SEKRETAR_IDZ, SEKRETAR_JMBGZ) VALUES (89, 20, TO_DATE('2025-02-17', 'YYYY-MM-DD'), 43, 1309009210987, 83, '2205997181231');
INSERT INTO CLANARINA (IDCL, IZNCL, DATPLCL, CLAN_IDC, CLAN_JMBGC, SEKRETAR_IDZ, SEKRETAR_JMBGZ) VALUES (90, 20, TO_DATE('2025-02-01', 'YYYY-MM-DD'), 44, 1410007109876, 83, '2205997181231');
INSERT INTO CLANARINA (IDCL, IZNCL, DATPLCL, CLAN_IDC, CLAN_JMBGC, SEKRETAR_IDZ, SEKRETAR_JMBGZ) VALUES (91, 20, TO_DATE('2025-02-20', 'YYYY-MM-DD'), 45, 1511005098765, 83, '2205997181231');
INSERT INTO CLANARINA (IDCL, IZNCL, DATPLCL, CLAN_IDC, CLAN_JMBGC, SEKRETAR_IDZ, SEKRETAR_JMBGZ) VALUES (92, 20, TO_DATE('2025-02-04', 'YYYY-MM-DD'), 46, 1612003987654, 83, '2205997181231');
INSERT INTO CLANARINA (IDCL, IZNCL, DATPLCL, CLAN_IDC, CLAN_JMBGC, SEKRETAR_IDZ, SEKRETAR_JMBGZ) VALUES (93, 20, TO_DATE('2025-03-09', 'YYYY-MM-DD'), 1, 0101990123456, 83, '2205997181231');
INSERT INTO CLANARINA (IDCL, IZNCL, DATPLCL, CLAN_IDC, CLAN_JMBGC, SEKRETAR_IDZ, SEKRETAR_JMBGZ) VALUES (94, 20, TO_DATE('2025-03-11', 'YYYY-MM-DD'), 2, 0202980789456, 83, '2205997181231');
INSERT INTO CLANARINA (IDCL, IZNCL, DATPLCL, CLAN_IDC, CLAN_JMBGC, SEKRETAR_IDZ, SEKRETAR_JMBGZ) VALUES (95, 20, TO_DATE('2025-03-17', 'YYYY-MM-DD'), 3, 0303975342176, 83, '2205997181231');
INSERT INTO CLANARINA (IDCL, IZNCL, DATPLCL, CLAN_IDC, CLAN_JMBGC, SEKRETAR_IDZ, SEKRETAR_JMBGZ) VALUES (96, 20, TO_DATE('2025-03-08', 'YYYY-MM-DD'), 4, 0404995891347, 83, '2205997181231');
INSERT INTO CLANARINA (IDCL, IZNCL, DATPLCL, CLAN_IDC, CLAN_JMBGC, SEKRETAR_IDZ, SEKRETAR_JMBGZ) VALUES (97, 20, TO_DATE('2025-03-07', 'YYYY-MM-DD'), 5, 0505993623418, 83, '2205997181231');
INSERT INTO CLANARINA (IDCL, IZNCL, DATPLCL, CLAN_IDC, CLAN_JMBGC, SEKRETAR_IDZ, SEKRETAR_JMBGZ) VALUES (98, 20, TO_DATE('2025-03-07', 'YYYY-MM-DD'), 6, 0606991359871, 83, '2205997181231');
INSERT INTO CLANARINA (IDCL, IZNCL, DATPLCL, CLAN_IDC, CLAN_JMBGC, SEKRETAR_IDZ, SEKRETAR_JMBGZ) VALUES (99, 20, TO_DATE('2025-03-16', 'YYYY-MM-DD'), 7, 0707989548723, 83, '2205997181231');
INSERT INTO CLANARINA (IDCL, IZNCL, DATPLCL, CLAN_IDC, CLAN_JMBGC, SEKRETAR_IDZ, SEKRETAR_JMBGZ) VALUES (100, 20, TO_DATE('2025-03-07', 'YYYY-MM-DD'), 8, 0808992239812, 83, '2205997181231');
INSERT INTO CLANARINA (IDCL, IZNCL, DATPLCL, CLAN_IDC, CLAN_JMBGC, SEKRETAR_IDZ, SEKRETAR_JMBGZ) VALUES (101, 20, TO_DATE('2025-03-24', 'YYYY-MM-DD'), 9, 0909990384795, 83, '2205997181231');
INSERT INTO CLANARINA (IDCL, IZNCL, DATPLCL, CLAN_IDC, CLAN_JMBGC, SEKRETAR_IDZ, SEKRETAR_JMBGZ) VALUES (102, 20, TO_DATE('2025-03-26', 'YYYY-MM-DD'), 10, 1010993234578, 83, '2205997181231');
INSERT INTO CLANARINA (IDCL, IZNCL, DATPLCL, CLAN_IDC, CLAN_JMBGC, SEKRETAR_IDZ, SEKRETAR_JMBGZ) VALUES (103, 20, TO_DATE('2025-03-22', 'YYYY-MM-DD'), 11, 1111987872341, 83, '2205997181231');
INSERT INTO CLANARINA (IDCL, IZNCL, DATPLCL, CLAN_IDC, CLAN_JMBGC, SEKRETAR_IDZ, SEKRETAR_JMBGZ) VALUES (104, 20, TO_DATE('2025-03-22', 'YYYY-MM-DD'), 12, 1212979723418, 83, '2205997181231');
INSERT INTO CLANARINA (IDCL, IZNCL, DATPLCL, CLAN_IDC, CLAN_JMBGC, SEKRETAR_IDZ, SEKRETAR_JMBGZ) VALUES (105, 20, TO_DATE('2025-03-03', 'YYYY-MM-DD'), 13, 1301978425679, 83, '2205997181231');
INSERT INTO CLANARINA (IDCL, IZNCL, DATPLCL, CLAN_IDC, CLAN_JMBGC, SEKRETAR_IDZ, SEKRETAR_JMBGZ) VALUES (106, 20, TO_DATE('2025-03-21', 'YYYY-MM-DD'), 14, 1402976812340, 83, '2205997181231');
INSERT INTO CLANARINA (IDCL, IZNCL, DATPLCL, CLAN_IDC, CLAN_JMBGC, SEKRETAR_IDZ, SEKRETAR_JMBGZ) VALUES (107, 20, TO_DATE('2025-03-16', 'YYYY-MM-DD'), 15, 1503974698123, 83, '2205997181231');
INSERT INTO CLANARINA (IDCL, IZNCL, DATPLCL, CLAN_IDC, CLAN_JMBGC, SEKRETAR_IDZ, SEKRETAR_JMBGZ) VALUES (108, 20, TO_DATE('2025-03-08', 'YYYY-MM-DD'), 16, 1604972984571, 83, '2205997181231');
INSERT INTO CLANARINA (IDCL, IZNCL, DATPLCL, CLAN_IDC, CLAN_JMBGC, SEKRETAR_IDZ, SEKRETAR_JMBGZ) VALUES (109, 20, TO_DATE('2025-03-24', 'YYYY-MM-DD'), 17, 1705970283645, 83, '2205997181231');
INSERT INTO CLANARINA (IDCL, IZNCL, DATPLCL, CLAN_IDC, CLAN_JMBGC, SEKRETAR_IDZ, SEKRETAR_JMBGZ) VALUES (110, 20, TO_DATE('2025-03-23', 'YYYY-MM-DD'), 18, 1806968372918, 83, '2205997181231');
INSERT INTO CLANARINA (IDCL, IZNCL, DATPLCL, CLAN_IDC, CLAN_JMBGC, SEKRETAR_IDZ, SEKRETAR_JMBGZ) VALUES (111, 20, TO_DATE('2025-03-11', 'YYYY-MM-DD'), 19, 1907966821347, 83, '2205997181231');
INSERT INTO CLANARINA (IDCL, IZNCL, DATPLCL, CLAN_IDC, CLAN_JMBGC, SEKRETAR_IDZ, SEKRETAR_JMBGZ) VALUES (112, 20, TO_DATE('2025-03-21', 'YYYY-MM-DD'), 20, 2008964217895, 83, '2205997181231');
INSERT INTO CLANARINA (IDCL, IZNCL, DATPLCL, CLAN_IDC, CLAN_JMBGC, SEKRETAR_IDZ, SEKRETAR_JMBGZ) VALUES (113, 20, TO_DATE('2025-03-28', 'YYYY-MM-DD'), 21, 2109962712345, 83, '2205997181231');
INSERT INTO CLANARINA (IDCL, IZNCL, DATPLCL, CLAN_IDC, CLAN_JMBGC, SEKRETAR_IDZ, SEKRETAR_JMBGZ) VALUES (114, 20, TO_DATE('2025-03-06', 'YYYY-MM-DD'), 22, 2210001923418, 83, '2205997181231');
INSERT INTO CLANARINA (IDCL, IZNCL, DATPLCL, CLAN_IDC, CLAN_JMBGC, SEKRETAR_IDZ, SEKRETAR_JMBGZ) VALUES (115, 20, TO_DATE('2025-03-08', 'YYYY-MM-DD'), 23, 2311999234567, 83, '2205997181231');
INSERT INTO CLANARINA (IDCL, IZNCL, DATPLCL, CLAN_IDC, CLAN_JMBGC, SEKRETAR_IDZ, SEKRETAR_JMBGZ) VALUES (116, 20, TO_DATE('2025-03-06', 'YYYY-MM-DD'), 24, 2412997789123, 83, '2205997181231');
INSERT INTO CLANARINA (IDCL, IZNCL, DATPLCL, CLAN_IDC, CLAN_JMBGC, SEKRETAR_IDZ, SEKRETAR_JMBGZ) VALUES (117, 20, TO_DATE('2025-03-22', 'YYYY-MM-DD'), 25, 2501005348976, 83, '2205997181231');
INSERT INTO CLANARINA (IDCL, IZNCL, DATPLCL, CLAN_IDC, CLAN_JMBGC, SEKRETAR_IDZ, SEKRETAR_JMBGZ) VALUES (118, 20, TO_DATE('2025-03-15', 'YYYY-MM-DD'), 26, 2602003912340, 83, '2205997181231');
INSERT INTO CLANARINA (IDCL, IZNCL, DATPLCL, CLAN_IDC, CLAN_JMBGC, SEKRETAR_IDZ, SEKRETAR_JMBGZ) VALUES (119, 20, TO_DATE('2025-03-15', 'YYYY-MM-DD'), 27, 2703001234987, 83, '2205997181231');
INSERT INTO CLANARINA (IDCL, IZNCL, DATPLCL, CLAN_IDC, CLAN_JMBGC, SEKRETAR_IDZ, SEKRETAR_JMBGZ) VALUES (120, 20, TO_DATE('2025-03-14', 'YYYY-MM-DD'), 28, 2804009678345, 83, '2205997181231');
INSERT INTO CLANARINA (IDCL, IZNCL, DATPLCL, CLAN_IDC, CLAN_JMBGC, SEKRETAR_IDZ, SEKRETAR_JMBGZ) VALUES (121, 20, TO_DATE('2025-03-07', 'YYYY-MM-DD'), 29, 2905996812374, 83, '2205997181231');
INSERT INTO CLANARINA (IDCL, IZNCL, DATPLCL, CLAN_IDC, CLAN_JMBGC, SEKRETAR_IDZ, SEKRETAR_JMBGZ) VALUES (122, 20, TO_DATE('2025-03-03', 'YYYY-MM-DD'), 30, 3006002834567, 83, '2205997181231');
INSERT INTO CLANARINA (IDCL, IZNCL, DATPLCL, CLAN_IDC, CLAN_JMBGC, SEKRETAR_IDZ, SEKRETAR_JMBGZ) VALUES (123, 20, TO_DATE('2025-03-13', 'YYYY-MM-DD'), 31, 3107003723189, 83, '2205997181231');
INSERT INTO CLANARINA (IDCL, IZNCL, DATPLCL, CLAN_IDC, CLAN_JMBGC, SEKRETAR_IDZ, SEKRETAR_JMBGZ) VALUES (124, 20, TO_DATE('2025-03-19', 'YYYY-MM-DD'), 32, 0108001678910, 83, '2205997181231');
INSERT INTO CLANARINA (IDCL, IZNCL, DATPLCL, CLAN_IDC, CLAN_JMBGC, SEKRETAR_IDZ, SEKRETAR_JMBGZ) VALUES (125, 20, TO_DATE('2025-03-29', 'YYYY-MM-DD'), 33, 0309999567891, 83, '2205997181231');
INSERT INTO CLANARINA (IDCL, IZNCL, DATPLCL, CLAN_IDC, CLAN_JMBGC, SEKRETAR_IDZ, SEKRETAR_JMBGZ) VALUES (126, 20, TO_DATE('2025-03-21', 'YYYY-MM-DD'), 34, 0410007456721, 83, '2205997181231');
INSERT INTO CLANARINA (IDCL, IZNCL, DATPLCL, CLAN_IDC, CLAN_JMBGC, SEKRETAR_IDZ, SEKRETAR_JMBGZ) VALUES (127, 20, TO_DATE('2025-03-07', 'YYYY-MM-DD'), 35, 0511989345789, 83, '2205997181231');
INSERT INTO CLANARINA (IDCL, IZNCL, DATPLCL, CLAN_IDC, CLAN_JMBGC, SEKRETAR_IDZ, SEKRETAR_JMBGZ) VALUES (128, 20, TO_DATE('2025-03-05', 'YYYY-MM-DD'), 36, 0612003289345, 83, '2205997181231');
INSERT INTO CLANARINA (IDCL, IZNCL, DATPLCL, CLAN_IDC, CLAN_JMBGC, SEKRETAR_IDZ, SEKRETAR_JMBGZ) VALUES (129, 20, TO_DATE('2025-03-08', 'YYYY-MM-DD'), 37, 0703998876543, 83, '2205997181231');
INSERT INTO CLANARINA (IDCL, IZNCL, DATPLCL, CLAN_IDC, CLAN_JMBGC, SEKRETAR_IDZ, SEKRETAR_JMBGZ) VALUES (130, 20, TO_DATE('2025-03-25', 'YYYY-MM-DD'), 38, 0804995765432, 83, '2205997181231');
INSERT INTO CLANARINA (IDCL, IZNCL, DATPLCL, CLAN_IDC, CLAN_JMBGC, SEKRETAR_IDZ, SEKRETAR_JMBGZ) VALUES (131, 20, TO_DATE('2025-03-02', 'YYYY-MM-DD'), 39, 0905008654321, 83, '2205997181231');
INSERT INTO CLANARINA (IDCL, IZNCL, DATPLCL, CLAN_IDC, CLAN_JMBGC, SEKRETAR_IDZ, SEKRETAR_JMBGZ) VALUES (132, 20, TO_DATE('2025-03-18', 'YYYY-MM-DD'), 40, 1006006543210, 83, '2205997181231');
INSERT INTO CLANARINA (IDCL, IZNCL, DATPLCL, CLAN_IDC, CLAN_JMBGC, SEKRETAR_IDZ, SEKRETAR_JMBGZ) VALUES (133, 20, TO_DATE('2025-03-13', 'YYYY-MM-DD'), 41, 1107003432109, 83, '2205997181231');
INSERT INTO CLANARINA (IDCL, IZNCL, DATPLCL, CLAN_IDC, CLAN_JMBGC, SEKRETAR_IDZ, SEKRETAR_JMBGZ) VALUES (134, 20, TO_DATE('2025-03-08', 'YYYY-MM-DD'), 42, 1208997321098, 83, '2205997181231');
INSERT INTO CLANARINA (IDCL, IZNCL, DATPLCL, CLAN_IDC, CLAN_JMBGC, SEKRETAR_IDZ, SEKRETAR_JMBGZ) VALUES (135, 20, TO_DATE('2025-03-08', 'YYYY-MM-DD'), 43, 1309009210987, 83, '2205997181231');
INSERT INTO CLANARINA (IDCL, IZNCL, DATPLCL, CLAN_IDC, CLAN_JMBGC, SEKRETAR_IDZ, SEKRETAR_JMBGZ) VALUES (136, 20, TO_DATE('2025-03-06', 'YYYY-MM-DD'), 44, 1410007109876, 83, '2205997181231');
INSERT INTO CLANARINA (IDCL, IZNCL, DATPLCL, CLAN_IDC, CLAN_JMBGC, SEKRETAR_IDZ, SEKRETAR_JMBGZ) VALUES (137, 20, TO_DATE('2025-03-08', 'YYYY-MM-DD'), 45, 1511005098765, 83, '2205997181231');
INSERT INTO CLANARINA (IDCL, IZNCL, DATPLCL, CLAN_IDC, CLAN_JMBGC, SEKRETAR_IDZ, SEKRETAR_JMBGZ) VALUES (138, 20, TO_DATE('2025-03-19', 'YYYY-MM-DD'), 46, 1612003987654, 83, '2205997181231');
INSERT INTO CLANARINA (IDCL, IZNCL, DATPLCL, CLAN_IDC, CLAN_JMBGC, SEKRETAR_IDZ, SEKRETAR_JMBGZ) VALUES (139, 20, TO_DATE('2025-04-14', 'YYYY-MM-DD'), 1, 0101990123456, 83, '2205997181231');
INSERT INTO CLANARINA (IDCL, IZNCL, DATPLCL, CLAN_IDC, CLAN_JMBGC, SEKRETAR_IDZ, SEKRETAR_JMBGZ) VALUES (140, 20, TO_DATE('2025-04-23', 'YYYY-MM-DD'), 2, 0202980789456, 83, '2205997181231');
INSERT INTO CLANARINA (IDCL, IZNCL, DATPLCL, CLAN_IDC, CLAN_JMBGC, SEKRETAR_IDZ, SEKRETAR_JMBGZ) VALUES (141, 20, TO_DATE('2025-04-25', 'YYYY-MM-DD'), 3, 0303975342176, 83, '2205997181231');
INSERT INTO CLANARINA (IDCL, IZNCL, DATPLCL, CLAN_IDC, CLAN_JMBGC, SEKRETAR_IDZ, SEKRETAR_JMBGZ) VALUES (142, 20, TO_DATE('2025-04-11', 'YYYY-MM-DD'), 4, 0404995891347, 83, '2205997181231');
INSERT INTO CLANARINA (IDCL, IZNCL, DATPLCL, CLAN_IDC, CLAN_JMBGC, SEKRETAR_IDZ, SEKRETAR_JMBGZ) VALUES (143, 20, TO_DATE('2025-04-01', 'YYYY-MM-DD'), 5, 0505993623418, 83, '2205997181231');
INSERT INTO CLANARINA (IDCL, IZNCL, DATPLCL, CLAN_IDC, CLAN_JMBGC, SEKRETAR_IDZ, SEKRETAR_JMBGZ) VALUES (144, 20, TO_DATE('2025-04-15', 'YYYY-MM-DD'), 6, 0606991359871, 83, '2205997181231');
INSERT INTO CLANARINA (IDCL, IZNCL, DATPLCL, CLAN_IDC, CLAN_JMBGC, SEKRETAR_IDZ, SEKRETAR_JMBGZ) VALUES (145, 20, TO_DATE('2025-04-29', 'YYYY-MM-DD'), 7, 0707989548723, 83, '2205997181231');
INSERT INTO CLANARINA (IDCL, IZNCL, DATPLCL, CLAN_IDC, CLAN_JMBGC, SEKRETAR_IDZ, SEKRETAR_JMBGZ) VALUES (146, 20, TO_DATE('2025-04-23', 'YYYY-MM-DD'), 8, 0808992239812, 83, '2205997181231');
INSERT INTO CLANARINA (IDCL, IZNCL, DATPLCL, CLAN_IDC, CLAN_JMBGC, SEKRETAR_IDZ, SEKRETAR_JMBGZ) VALUES (147, 20, TO_DATE('2025-04-10', 'YYYY-MM-DD'), 9, 0909990384795, 83, '2205997181231');
INSERT INTO CLANARINA (IDCL, IZNCL, DATPLCL, CLAN_IDC, CLAN_JMBGC, SEKRETAR_IDZ, SEKRETAR_JMBGZ) VALUES (148, 20, TO_DATE('2025-04-26', 'YYYY-MM-DD'), 10, 1010993234578, 83, '2205997181231');
INSERT INTO CLANARINA (IDCL, IZNCL, DATPLCL, CLAN_IDC, CLAN_JMBGC, SEKRETAR_IDZ, SEKRETAR_JMBGZ) VALUES (149, 20, TO_DATE('2025-04-21', 'YYYY-MM-DD'), 11, 1111987872341, 83, '2205997181231');
INSERT INTO CLANARINA (IDCL, IZNCL, DATPLCL, CLAN_IDC, CLAN_JMBGC, SEKRETAR_IDZ, SEKRETAR_JMBGZ) VALUES (150, 20, TO_DATE('2025-04-09', 'YYYY-MM-DD'), 12, 1212979723418, 83, '2205997181231');
INSERT INTO CLANARINA (IDCL, IZNCL, DATPLCL, CLAN_IDC, CLAN_JMBGC, SEKRETAR_IDZ, SEKRETAR_JMBGZ) VALUES (151, 20, TO_DATE('2025-04-23', 'YYYY-MM-DD'), 13, 1301978425679, 83, '2205997181231');
INSERT INTO CLANARINA (IDCL, IZNCL, DATPLCL, CLAN_IDC, CLAN_JMBGC, SEKRETAR_IDZ, SEKRETAR_JMBGZ) VALUES (152, 20, TO_DATE('2025-04-05', 'YYYY-MM-DD'), 14, 1402976812340, 83, '2205997181231');
INSERT INTO CLANARINA (IDCL, IZNCL, DATPLCL, CLAN_IDC, CLAN_JMBGC, SEKRETAR_IDZ, SEKRETAR_JMBGZ) VALUES (153, 20, TO_DATE('2025-04-07', 'YYYY-MM-DD'), 15, 1503974698123, 83, '2205997181231');
INSERT INTO CLANARINA (IDCL, IZNCL, DATPLCL, CLAN_IDC, CLAN_JMBGC, SEKRETAR_IDZ, SEKRETAR_JMBGZ) VALUES (154, 20, TO_DATE('2025-04-21', 'YYYY-MM-DD'), 16, 1604972984571, 83, '2205997181231');
INSERT INTO CLANARINA (IDCL, IZNCL, DATPLCL, CLAN_IDC, CLAN_JMBGC, SEKRETAR_IDZ, SEKRETAR_JMBGZ) VALUES (155, 20, TO_DATE('2025-04-21', 'YYYY-MM-DD'), 17, 1705970283645, 83, '2205997181231');
INSERT INTO CLANARINA (IDCL, IZNCL, DATPLCL, CLAN_IDC, CLAN_JMBGC, SEKRETAR_IDZ, SEKRETAR_JMBGZ) VALUES (156, 20, TO_DATE('2025-04-14', 'YYYY-MM-DD'), 18, 1806968372918, 83, '2205997181231');
INSERT INTO CLANARINA (IDCL, IZNCL, DATPLCL, CLAN_IDC, CLAN_JMBGC, SEKRETAR_IDZ, SEKRETAR_JMBGZ) VALUES (157, 20, TO_DATE('2025-04-26', 'YYYY-MM-DD'), 19, 1907966821347, 83, '2205997181231');
INSERT INTO CLANARINA (IDCL, IZNCL, DATPLCL, CLAN_IDC, CLAN_JMBGC, SEKRETAR_IDZ, SEKRETAR_JMBGZ) VALUES (158, 20, TO_DATE('2025-04-21', 'YYYY-MM-DD'), 20, 2008964217895, 83, '2205997181231');
INSERT INTO CLANARINA (IDCL, IZNCL, DATPLCL, CLAN_IDC, CLAN_JMBGC, SEKRETAR_IDZ, SEKRETAR_JMBGZ) VALUES (159, 20, TO_DATE('2025-04-26', 'YYYY-MM-DD'), 21, 2109962712345, 83, '2205997181231');
INSERT INTO CLANARINA (IDCL, IZNCL, DATPLCL, CLAN_IDC, CLAN_JMBGC, SEKRETAR_IDZ, SEKRETAR_JMBGZ) VALUES (160, 20, TO_DATE('2025-04-18', 'YYYY-MM-DD'), 22, 2210001923418, 83, '2205997181231');
INSERT INTO CLANARINA (IDCL, IZNCL, DATPLCL, CLAN_IDC, CLAN_JMBGC, SEKRETAR_IDZ, SEKRETAR_JMBGZ) VALUES (161, 20, TO_DATE('2025-04-17', 'YYYY-MM-DD'), 23, 2311999234567, 83, '2205997181231');
INSERT INTO CLANARINA (IDCL, IZNCL, DATPLCL, CLAN_IDC, CLAN_JMBGC, SEKRETAR_IDZ, SEKRETAR_JMBGZ) VALUES (162, 20, TO_DATE('2025-04-13', 'YYYY-MM-DD'), 24, 2412997789123, 83, '2205997181231');
INSERT INTO CLANARINA (IDCL, IZNCL, DATPLCL, CLAN_IDC, CLAN_JMBGC, SEKRETAR_IDZ, SEKRETAR_JMBGZ) VALUES (163, 20, TO_DATE('2025-04-13', 'YYYY-MM-DD'), 25, 2501005348976, 83, '2205997181231');
INSERT INTO CLANARINA (IDCL, IZNCL, DATPLCL, CLAN_IDC, CLAN_JMBGC, SEKRETAR_IDZ, SEKRETAR_JMBGZ) VALUES (164, 20, TO_DATE('2025-04-17', 'YYYY-MM-DD'), 26, 2602003912340, 83, '2205997181231');
INSERT INTO CLANARINA (IDCL, IZNCL, DATPLCL, CLAN_IDC, CLAN_JMBGC, SEKRETAR_IDZ, SEKRETAR_JMBGZ) VALUES (165, 20, TO_DATE('2025-04-17', 'YYYY-MM-DD'), 27, 2703001234987, 83, '2205997181231');
INSERT INTO CLANARINA (IDCL, IZNCL, DATPLCL, CLAN_IDC, CLAN_JMBGC, SEKRETAR_IDZ, SEKRETAR_JMBGZ) VALUES (166, 20, TO_DATE('2025-04-28', 'YYYY-MM-DD'), 28, 2804009678345, 83, '2205997181231');
INSERT INTO CLANARINA (IDCL, IZNCL, DATPLCL, CLAN_IDC, CLAN_JMBGC, SEKRETAR_IDZ, SEKRETAR_JMBGZ) VALUES (167, 20, TO_DATE('2025-04-03', 'YYYY-MM-DD'), 29, 2905996812374, 83, '2205997181231');
INSERT INTO CLANARINA (IDCL, IZNCL, DATPLCL, CLAN_IDC, CLAN_JMBGC, SEKRETAR_IDZ, SEKRETAR_JMBGZ) VALUES (168, 20, TO_DATE('2025-04-15', 'YYYY-MM-DD'), 30, 3006002834567, 83, '2205997181231');
INSERT INTO CLANARINA (IDCL, IZNCL, DATPLCL, CLAN_IDC, CLAN_JMBGC, SEKRETAR_IDZ, SEKRETAR_JMBGZ) VALUES (169, 20, TO_DATE('2025-04-20', 'YYYY-MM-DD'), 31, 3107003723189, 83, '2205997181231');
INSERT INTO CLANARINA (IDCL, IZNCL, DATPLCL, CLAN_IDC, CLAN_JMBGC, SEKRETAR_IDZ, SEKRETAR_JMBGZ) VALUES (170, 20, TO_DATE('2025-04-12', 'YYYY-MM-DD'), 32, 0108001678910, 83, '2205997181231');
INSERT INTO CLANARINA (IDCL, IZNCL, DATPLCL, CLAN_IDC, CLAN_JMBGC, SEKRETAR_IDZ, SEKRETAR_JMBGZ) VALUES (171, 20, TO_DATE('2025-04-12', 'YYYY-MM-DD'), 33, 0309999567891, 83, '2205997181231');
INSERT INTO CLANARINA (IDCL, IZNCL, DATPLCL, CLAN_IDC, CLAN_JMBGC, SEKRETAR_IDZ, SEKRETAR_JMBGZ) VALUES (172, 20, TO_DATE('2025-04-15', 'YYYY-MM-DD'), 34, 0410007456721, 83, '2205997181231');
INSERT INTO CLANARINA (IDCL, IZNCL, DATPLCL, CLAN_IDC, CLAN_JMBGC, SEKRETAR_IDZ, SEKRETAR_JMBGZ) VALUES (173, 20, TO_DATE('2025-04-07', 'YYYY-MM-DD'), 35, 0511989345789, 83, '2205997181231');
INSERT INTO CLANARINA (IDCL, IZNCL, DATPLCL, CLAN_IDC, CLAN_JMBGC, SEKRETAR_IDZ, SEKRETAR_JMBGZ) VALUES (174, 20, TO_DATE('2025-04-22', 'YYYY-MM-DD'), 36, 0612003289345, 83, '2205997181231');
INSERT INTO CLANARINA (IDCL, IZNCL, DATPLCL, CLAN_IDC, CLAN_JMBGC, SEKRETAR_IDZ, SEKRETAR_JMBGZ) VALUES (175, 20, TO_DATE('2025-04-23', 'YYYY-MM-DD'), 37, 0703998876543, 83, '2205997181231');
INSERT INTO CLANARINA (IDCL, IZNCL, DATPLCL, CLAN_IDC, CLAN_JMBGC, SEKRETAR_IDZ, SEKRETAR_JMBGZ) VALUES (176, 20, TO_DATE('2025-04-28', 'YYYY-MM-DD'), 38, 0804995765432, 83, '2205997181231');
INSERT INTO CLANARINA (IDCL, IZNCL, DATPLCL, CLAN_IDC, CLAN_JMBGC, SEKRETAR_IDZ, SEKRETAR_JMBGZ) VALUES (177, 20, TO_DATE('2025-04-24', 'YYYY-MM-DD'), 39, 0905008654321, 83, '2205997181231');
INSERT INTO CLANARINA (IDCL, IZNCL, DATPLCL, CLAN_IDC, CLAN_JMBGC, SEKRETAR_IDZ, SEKRETAR_JMBGZ) VALUES (178, 20, TO_DATE('2025-04-17', 'YYYY-MM-DD'), 40, 1006006543210, 83, '2205997181231');
INSERT INTO CLANARINA (IDCL, IZNCL, DATPLCL, CLAN_IDC, CLAN_JMBGC, SEKRETAR_IDZ, SEKRETAR_JMBGZ) VALUES (179, 20, TO_DATE('2025-04-03', 'YYYY-MM-DD'), 41, 1107003432109, 83, '2205997181231');
INSERT INTO CLANARINA (IDCL, IZNCL, DATPLCL, CLAN_IDC, CLAN_JMBGC, SEKRETAR_IDZ, SEKRETAR_JMBGZ) VALUES (180, 20, TO_DATE('2025-04-06', 'YYYY-MM-DD'), 42, 1208997321098, 83, '2205997181231');
INSERT INTO CLANARINA (IDCL, IZNCL, DATPLCL, CLAN_IDC, CLAN_JMBGC, SEKRETAR_IDZ, SEKRETAR_JMBGZ) VALUES (181, 20, TO_DATE('2025-04-29', 'YYYY-MM-DD'), 43, 1309009210987, 83, '2205997181231');
INSERT INTO CLANARINA (IDCL, IZNCL, DATPLCL, CLAN_IDC, CLAN_JMBGC, SEKRETAR_IDZ, SEKRETAR_JMBGZ) VALUES (182, 20, TO_DATE('2025-04-17', 'YYYY-MM-DD'), 44, 1410007109876, 83, '2205997181231');
INSERT INTO CLANARINA (IDCL, IZNCL, DATPLCL, CLAN_IDC, CLAN_JMBGC, SEKRETAR_IDZ, SEKRETAR_JMBGZ) VALUES (183, 20, TO_DATE('2025-04-15', 'YYYY-MM-DD'), 45, 1511005098765, 83, '2205997181231');
INSERT INTO CLANARINA (IDCL, IZNCL, DATPLCL, CLAN_IDC, CLAN_JMBGC, SEKRETAR_IDZ, SEKRETAR_JMBGZ) VALUES (184, 20, TO_DATE('2025-04-01', 'YYYY-MM-DD'), 46, 1612003987654, 83, '2205997181231');
INSERT INTO CLANARINA (IDCL, IZNCL, DATPLCL, CLAN_IDC, CLAN_JMBGC, SEKRETAR_IDZ, SEKRETAR_JMBGZ) VALUES (185, 20, TO_DATE('2025-05-23', 'YYYY-MM-DD'), 1, 0101990123456, 83, '2205997181231');
INSERT INTO CLANARINA (IDCL, IZNCL, DATPLCL, CLAN_IDC, CLAN_JMBGC, SEKRETAR_IDZ, SEKRETAR_JMBGZ) VALUES (186, 20, TO_DATE('2025-05-27', 'YYYY-MM-DD'), 2, 0202980789456, 83, '2205997181231');
INSERT INTO CLANARINA (IDCL, IZNCL, DATPLCL, CLAN_IDC, CLAN_JMBGC, SEKRETAR_IDZ, SEKRETAR_JMBGZ) VALUES (187, 20, TO_DATE('2025-05-19', 'YYYY-MM-DD'), 3, 0303975342176, 83, '2205997181231');
INSERT INTO CLANARINA (IDCL, IZNCL, DATPLCL, CLAN_IDC, CLAN_JMBGC, SEKRETAR_IDZ, SEKRETAR_JMBGZ) VALUES (188, 20, TO_DATE('2025-05-02', 'YYYY-MM-DD'), 4, 0404995891347, 83, '2205997181231');
INSERT INTO CLANARINA (IDCL, IZNCL, DATPLCL, CLAN_IDC, CLAN_JMBGC, SEKRETAR_IDZ, SEKRETAR_JMBGZ) VALUES (189, 20, TO_DATE('2025-05-05', 'YYYY-MM-DD'), 5, 0505993623418, 83, '2205997181231');
INSERT INTO CLANARINA (IDCL, IZNCL, DATPLCL, CLAN_IDC, CLAN_JMBGC, SEKRETAR_IDZ, SEKRETAR_JMBGZ) VALUES (190, 20, TO_DATE('2025-05-28', 'YYYY-MM-DD'), 6, 0606991359871, 83, '2205997181231');
INSERT INTO CLANARINA (IDCL, IZNCL, DATPLCL, CLAN_IDC, CLAN_JMBGC, SEKRETAR_IDZ, SEKRETAR_JMBGZ) VALUES (191, 20, TO_DATE('2025-05-29', 'YYYY-MM-DD'), 7, 0707989548723, 83, '2205997181231');
INSERT INTO CLANARINA (IDCL, IZNCL, DATPLCL, CLAN_IDC, CLAN_JMBGC, SEKRETAR_IDZ, SEKRETAR_JMBGZ) VALUES (192, 20, TO_DATE('2025-05-18', 'YYYY-MM-DD'), 8, 0808992239812, 83, '2205997181231');
INSERT INTO CLANARINA (IDCL, IZNCL, DATPLCL, CLAN_IDC, CLAN_JMBGC, SEKRETAR_IDZ, SEKRETAR_JMBGZ) VALUES (193, 20, TO_DATE('2025-05-30', 'YYYY-MM-DD'), 9, 0909990384795, 83, '2205997181231');
INSERT INTO CLANARINA (IDCL, IZNCL, DATPLCL, CLAN_IDC, CLAN_JMBGC, SEKRETAR_IDZ, SEKRETAR_JMBGZ) VALUES (194, 20, TO_DATE('2025-05-05', 'YYYY-MM-DD'), 10, 1010993234578, 83, '2205997181231');
INSERT INTO CLANARINA (IDCL, IZNCL, DATPLCL, CLAN_IDC, CLAN_JMBGC, SEKRETAR_IDZ, SEKRETAR_JMBGZ) VALUES (195, 20, TO_DATE('2025-05-06', 'YYYY-MM-DD'), 11, 1111987872341, 83, '2205997181231');
INSERT INTO CLANARINA (IDCL, IZNCL, DATPLCL, CLAN_IDC, CLAN_JMBGC, SEKRETAR_IDZ, SEKRETAR_JMBGZ) VALUES (196, 20, TO_DATE('2025-05-09', 'YYYY-MM-DD'), 12, 1212979723418, 83, '2205997181231');
INSERT INTO CLANARINA (IDCL, IZNCL, DATPLCL, CLAN_IDC, CLAN_JMBGC, SEKRETAR_IDZ, SEKRETAR_JMBGZ) VALUES (197, 20, TO_DATE('2025-05-12', 'YYYY-MM-DD'), 13, 1301978425679, 83, '2205997181231');
INSERT INTO CLANARINA (IDCL, IZNCL, DATPLCL, CLAN_IDC, CLAN_JMBGC, SEKRETAR_IDZ, SEKRETAR_JMBGZ) VALUES (198, 20, TO_DATE('2025-05-17', 'YYYY-MM-DD'), 14, 1402976812340, 83, '2205997181231');
INSERT INTO CLANARINA (IDCL, IZNCL, DATPLCL, CLAN_IDC, CLAN_JMBGC, SEKRETAR_IDZ, SEKRETAR_JMBGZ) VALUES (199, 20, TO_DATE('2025-05-02', 'YYYY-MM-DD'), 15, 1503974698123, 83, '2205997181231');
INSERT INTO CLANARINA (IDCL, IZNCL, DATPLCL, CLAN_IDC, CLAN_JMBGC, SEKRETAR_IDZ, SEKRETAR_JMBGZ) VALUES (200, 20, TO_DATE('2025-05-26', 'YYYY-MM-DD'), 16, 1604972984571, 83, '2205997181231');
INSERT INTO CLANARINA (IDCL, IZNCL, DATPLCL, CLAN_IDC, CLAN_JMBGC, SEKRETAR_IDZ, SEKRETAR_JMBGZ) VALUES (201, 20, TO_DATE('2025-05-08', 'YYYY-MM-DD'), 17, 1705970283645, 83, '2205997181231');
INSERT INTO CLANARINA (IDCL, IZNCL, DATPLCL, CLAN_IDC, CLAN_JMBGC, SEKRETAR_IDZ, SEKRETAR_JMBGZ) VALUES (202, 20, TO_DATE('2025-05-08', 'YYYY-MM-DD'), 18, 1806968372918, 83, '2205997181231');
INSERT INTO CLANARINA (IDCL, IZNCL, DATPLCL, CLAN_IDC, CLAN_JMBGC, SEKRETAR_IDZ, SEKRETAR_JMBGZ) VALUES (203, 20, TO_DATE('2025-05-16', 'YYYY-MM-DD'), 19, 1907966821347, 83, '2205997181231');
INSERT INTO CLANARINA (IDCL, IZNCL, DATPLCL, CLAN_IDC, CLAN_JMBGC, SEKRETAR_IDZ, SEKRETAR_JMBGZ) VALUES (204, 20, TO_DATE('2025-05-16', 'YYYY-MM-DD'), 20, 2008964217895, 83, '2205997181231');
INSERT INTO CLANARINA (IDCL, IZNCL, DATPLCL, CLAN_IDC, CLAN_JMBGC, SEKRETAR_IDZ, SEKRETAR_JMBGZ) VALUES (205, 20, TO_DATE('2025-05-25', 'YYYY-MM-DD'), 21, 2109962712345, 83, '2205997181231');
INSERT INTO CLANARINA (IDCL, IZNCL, DATPLCL, CLAN_IDC, CLAN_JMBGC, SEKRETAR_IDZ, SEKRETAR_JMBGZ) VALUES (206, 20, TO_DATE('2025-05-20', 'YYYY-MM-DD'), 22, 2210001923418, 83, '2205997181231');
INSERT INTO CLANARINA (IDCL, IZNCL, DATPLCL, CLAN_IDC, CLAN_JMBGC, SEKRETAR_IDZ, SEKRETAR_JMBGZ) VALUES (207, 20, TO_DATE('2025-05-18', 'YYYY-MM-DD'), 23, 2311999234567, 83, '2205997181231');
INSERT INTO CLANARINA (IDCL, IZNCL, DATPLCL, CLAN_IDC, CLAN_JMBGC, SEKRETAR_IDZ, SEKRETAR_JMBGZ) VALUES (208, 20, TO_DATE('2025-05-24', 'YYYY-MM-DD'), 24, 2412997789123, 83, '2205997181231');
INSERT INTO CLANARINA (IDCL, IZNCL, DATPLCL, CLAN_IDC, CLAN_JMBGC, SEKRETAR_IDZ, SEKRETAR_JMBGZ) VALUES (209, 20, TO_DATE('2025-05-01', 'YYYY-MM-DD'), 25, 2501005348976, 83, '2205997181231');
INSERT INTO CLANARINA (IDCL, IZNCL, DATPLCL, CLAN_IDC, CLAN_JMBGC, SEKRETAR_IDZ, SEKRETAR_JMBGZ) VALUES (210, 20, TO_DATE('2025-05-08', 'YYYY-MM-DD'), 26, 2602003912340, 83, '2205997181231');
INSERT INTO CLANARINA (IDCL, IZNCL, DATPLCL, CLAN_IDC, CLAN_JMBGC, SEKRETAR_IDZ, SEKRETAR_JMBGZ) VALUES (211, 20, TO_DATE('2025-05-05', 'YYYY-MM-DD'), 27, 2703001234987, 83, '2205997181231');
INSERT INTO CLANARINA (IDCL, IZNCL, DATPLCL, CLAN_IDC, CLAN_JMBGC, SEKRETAR_IDZ, SEKRETAR_JMBGZ) VALUES (212, 20, TO_DATE('2025-05-21', 'YYYY-MM-DD'), 28, 2804009678345, 83, '2205997181231');
INSERT INTO CLANARINA (IDCL, IZNCL, DATPLCL, CLAN_IDC, CLAN_JMBGC, SEKRETAR_IDZ, SEKRETAR_JMBGZ) VALUES (213, 20, TO_DATE('2025-05-29', 'YYYY-MM-DD'), 29, 2905996812374, 83, '2205997181231');
INSERT INTO CLANARINA (IDCL, IZNCL, DATPLCL, CLAN_IDC, CLAN_JMBGC, SEKRETAR_IDZ, SEKRETAR_JMBGZ) VALUES (214, 20, TO_DATE('2025-05-21', 'YYYY-MM-DD'), 30, 3006002834567, 83, '2205997181231');
INSERT INTO CLANARINA (IDCL, IZNCL, DATPLCL, CLAN_IDC, CLAN_JMBGC, SEKRETAR_IDZ, SEKRETAR_JMBGZ) VALUES (215, 20, TO_DATE('2025-05-25', 'YYYY-MM-DD'), 31, 3107003723189, 83, '2205997181231');
INSERT INTO CLANARINA (IDCL, IZNCL, DATPLCL, CLAN_IDC, CLAN_JMBGC, SEKRETAR_IDZ, SEKRETAR_JMBGZ) VALUES (216, 20, TO_DATE('2025-05-26', 'YYYY-MM-DD'), 32, 0108001678910, 83, '2205997181231');
INSERT INTO CLANARINA (IDCL, IZNCL, DATPLCL, CLAN_IDC, CLAN_JMBGC, SEKRETAR_IDZ, SEKRETAR_JMBGZ) VALUES (217, 20, TO_DATE('2025-05-08', 'YYYY-MM-DD'), 33, 0309999567891, 83, '2205997181231');
INSERT INTO CLANARINA (IDCL, IZNCL, DATPLCL, CLAN_IDC, CLAN_JMBGC, SEKRETAR_IDZ, SEKRETAR_JMBGZ) VALUES (218, 20, TO_DATE('2025-05-11', 'YYYY-MM-DD'), 34, 0410007456721, 83, '2205997181231');
INSERT INTO CLANARINA (IDCL, IZNCL, DATPLCL, CLAN_IDC, CLAN_JMBGC, SEKRETAR_IDZ, SEKRETAR_JMBGZ) VALUES (219, 20, TO_DATE('2025-05-12', 'YYYY-MM-DD'), 35, 0511989345789, 83, '2205997181231');
INSERT INTO CLANARINA (IDCL, IZNCL, DATPLCL, CLAN_IDC, CLAN_JMBGC, SEKRETAR_IDZ, SEKRETAR_JMBGZ) VALUES (220, 20, TO_DATE('2025-05-09', 'YYYY-MM-DD'), 36, 0612003289345, 83, '2205997181231');
INSERT INTO CLANARINA (IDCL, IZNCL, DATPLCL, CLAN_IDC, CLAN_JMBGC, SEKRETAR_IDZ, SEKRETAR_JMBGZ) VALUES (221, 20, TO_DATE('2025-05-28', 'YYYY-MM-DD'), 37, 0703998876543, 83, '2205997181231');
INSERT INTO CLANARINA (IDCL, IZNCL, DATPLCL, CLAN_IDC, CLAN_JMBGC, SEKRETAR_IDZ, SEKRETAR_JMBGZ) VALUES (222, 20, TO_DATE('2025-05-19', 'YYYY-MM-DD'), 38, 0804995765432, 83, '2205997181231');
INSERT INTO CLANARINA (IDCL, IZNCL, DATPLCL, CLAN_IDC, CLAN_JMBGC, SEKRETAR_IDZ, SEKRETAR_JMBGZ) VALUES (223, 20, TO_DATE('2025-05-17', 'YYYY-MM-DD'), 39, 0905008654321, 83, '2205997181231');
INSERT INTO CLANARINA (IDCL, IZNCL, DATPLCL, CLAN_IDC, CLAN_JMBGC, SEKRETAR_IDZ, SEKRETAR_JMBGZ) VALUES (224, 20, TO_DATE('2025-05-29', 'YYYY-MM-DD'), 40, 1006006543210, 83, '2205997181231');
INSERT INTO CLANARINA (IDCL, IZNCL, DATPLCL, CLAN_IDC, CLAN_JMBGC, SEKRETAR_IDZ, SEKRETAR_JMBGZ) VALUES (225, 20, TO_DATE('2025-05-01', 'YYYY-MM-DD'), 41, 1107003432109, 83, '2205997181231');
INSERT INTO CLANARINA (IDCL, IZNCL, DATPLCL, CLAN_IDC, CLAN_JMBGC, SEKRETAR_IDZ, SEKRETAR_JMBGZ) VALUES (226, 20, TO_DATE('2025-05-16', 'YYYY-MM-DD'), 42, 1208997321098, 83, '2205997181231');
INSERT INTO CLANARINA (IDCL, IZNCL, DATPLCL, CLAN_IDC, CLAN_JMBGC, SEKRETAR_IDZ, SEKRETAR_JMBGZ) VALUES (227, 20, TO_DATE('2025-05-19', 'YYYY-MM-DD'), 43, 1309009210987, 83, '2205997181231');
INSERT INTO CLANARINA (IDCL, IZNCL, DATPLCL, CLAN_IDC, CLAN_JMBGC, SEKRETAR_IDZ, SEKRETAR_JMBGZ) VALUES (228, 20, TO_DATE('2025-05-03', 'YYYY-MM-DD'), 44, 1410007109876, 83, '2205997181231');
INSERT INTO CLANARINA (IDCL, IZNCL, DATPLCL, CLAN_IDC, CLAN_JMBGC, SEKRETAR_IDZ, SEKRETAR_JMBGZ) VALUES (229, 20, TO_DATE('2025-05-10', 'YYYY-MM-DD'), 45, 1511005098765, 83, '2205997181231');
INSERT INTO CLANARINA (IDCL, IZNCL, DATPLCL, CLAN_IDC, CLAN_JMBGC, SEKRETAR_IDZ, SEKRETAR_JMBGZ) VALUES (230, 20, TO_DATE('2025-05-20', 'YYYY-MM-DD'), 46, 1612003987654, 83, '2205997181231');
INSERT INTO CLANARINA (IDCL, IZNCL, DATPLCL, CLAN_IDC, CLAN_JMBGC, SEKRETAR_IDZ, SEKRETAR_JMBGZ) VALUES (231, 20, TO_DATE('2025-06-14', 'YYYY-MM-DD'), 1, 0101990123456, 83, '2205997181231');
INSERT INTO CLANARINA (IDCL, IZNCL, DATPLCL, CLAN_IDC, CLAN_JMBGC, SEKRETAR_IDZ, SEKRETAR_JMBGZ) VALUES (232, 20, TO_DATE('2025-06-28', 'YYYY-MM-DD'), 2, 0202980789456, 83, '2205997181231');
INSERT INTO CLANARINA (IDCL, IZNCL, DATPLCL, CLAN_IDC, CLAN_JMBGC, SEKRETAR_IDZ, SEKRETAR_JMBGZ) VALUES (233, 20, TO_DATE('2025-06-08', 'YYYY-MM-DD'), 3, 0303975342176, 83, '2205997181231');
INSERT INTO CLANARINA (IDCL, IZNCL, DATPLCL, CLAN_IDC, CLAN_JMBGC, SEKRETAR_IDZ, SEKRETAR_JMBGZ) VALUES (234, 20, TO_DATE('2025-06-20', 'YYYY-MM-DD'), 4, 0404995891347, 83, '2205997181231');
INSERT INTO CLANARINA (IDCL, IZNCL, DATPLCL, CLAN_IDC, CLAN_JMBGC, SEKRETAR_IDZ, SEKRETAR_JMBGZ) VALUES (235, 20, TO_DATE('2025-06-28', 'YYYY-MM-DD'), 5, 0505993623418, 83, '2205997181231');
INSERT INTO CLANARINA (IDCL, IZNCL, DATPLCL, CLAN_IDC, CLAN_JMBGC, SEKRETAR_IDZ, SEKRETAR_JMBGZ) VALUES (236, 20, TO_DATE('2025-06-20', 'YYYY-MM-DD'), 6, 0606991359871, 83, '2205997181231');
INSERT INTO CLANARINA (IDCL, IZNCL, DATPLCL, CLAN_IDC, CLAN_JMBGC, SEKRETAR_IDZ, SEKRETAR_JMBGZ) VALUES (237, 20, TO_DATE('2025-06-27', 'YYYY-MM-DD'), 7, 0707989548723, 83, '2205997181231');
INSERT INTO CLANARINA (IDCL, IZNCL, DATPLCL, CLAN_IDC, CLAN_JMBGC, SEKRETAR_IDZ, SEKRETAR_JMBGZ) VALUES (238, 20, TO_DATE('2025-06-23', 'YYYY-MM-DD'), 8, 0808992239812, 83, '2205997181231');
INSERT INTO CLANARINA (IDCL, IZNCL, DATPLCL, CLAN_IDC, CLAN_JMBGC, SEKRETAR_IDZ, SEKRETAR_JMBGZ) VALUES (239, 20, TO_DATE('2025-06-04', 'YYYY-MM-DD'), 9, 0909990384795, 83, '2205997181231');
INSERT INTO CLANARINA (IDCL, IZNCL, DATPLCL, CLAN_IDC, CLAN_JMBGC, SEKRETAR_IDZ, SEKRETAR_JMBGZ) VALUES (240, 20, TO_DATE('2025-06-03', 'YYYY-MM-DD'), 10, 1010993234578, 83, '2205997181231');
INSERT INTO CLANARINA (IDCL, IZNCL, DATPLCL, CLAN_IDC, CLAN_JMBGC, SEKRETAR_IDZ, SEKRETAR_JMBGZ) VALUES (241, 20, TO_DATE('2025-06-03', 'YYYY-MM-DD'), 11, 1111987872341, 83, '2205997181231');
INSERT INTO CLANARINA (IDCL, IZNCL, DATPLCL, CLAN_IDC, CLAN_JMBGC, SEKRETAR_IDZ, SEKRETAR_JMBGZ) VALUES (242, 20, TO_DATE('2025-06-24', 'YYYY-MM-DD'), 12, 1212979723418, 83, '2205997181231');
INSERT INTO CLANARINA (IDCL, IZNCL, DATPLCL, CLAN_IDC, CLAN_JMBGC, SEKRETAR_IDZ, SEKRETAR_JMBGZ) VALUES (243, 20, TO_DATE('2025-06-02', 'YYYY-MM-DD'), 13, 1301978425679, 83, '2205997181231');
INSERT INTO CLANARINA (IDCL, IZNCL, DATPLCL, CLAN_IDC, CLAN_JMBGC, SEKRETAR_IDZ, SEKRETAR_JMBGZ) VALUES (244, 20, TO_DATE('2025-06-16', 'YYYY-MM-DD'), 14, 1402976812340, 83, '2205997181231');
INSERT INTO CLANARINA (IDCL, IZNCL, DATPLCL, CLAN_IDC, CLAN_JMBGC, SEKRETAR_IDZ, SEKRETAR_JMBGZ) VALUES (245, 20, TO_DATE('2025-06-28', 'YYYY-MM-DD'), 15, 1503974698123, 83, '2205997181231');
INSERT INTO CLANARINA (IDCL, IZNCL, DATPLCL, CLAN_IDC, CLAN_JMBGC, SEKRETAR_IDZ, SEKRETAR_JMBGZ) VALUES (246, 20, TO_DATE('2025-06-17', 'YYYY-MM-DD'), 16, 1604972984571, 83, '2205997181231');
INSERT INTO CLANARINA (IDCL, IZNCL, DATPLCL, CLAN_IDC, CLAN_JMBGC, SEKRETAR_IDZ, SEKRETAR_JMBGZ) VALUES (247, 20, TO_DATE('2025-06-22', 'YYYY-MM-DD'), 17, 1705970283645, 83, '2205997181231');
INSERT INTO CLANARINA (IDCL, IZNCL, DATPLCL, CLAN_IDC, CLAN_JMBGC, SEKRETAR_IDZ, SEKRETAR_JMBGZ) VALUES (248, 20, TO_DATE('2025-06-04', 'YYYY-MM-DD'), 18, 1806968372918, 83, '2205997181231');
INSERT INTO CLANARINA (IDCL, IZNCL, DATPLCL, CLAN_IDC, CLAN_JMBGC, SEKRETAR_IDZ, SEKRETAR_JMBGZ) VALUES (249, 20, TO_DATE('2025-06-11', 'YYYY-MM-DD'), 19, 1907966821347, 83, '2205997181231');
INSERT INTO CLANARINA (IDCL, IZNCL, DATPLCL, CLAN_IDC, CLAN_JMBGC, SEKRETAR_IDZ, SEKRETAR_JMBGZ) VALUES (250, 20, TO_DATE('2025-06-15', 'YYYY-MM-DD'), 20, 2008964217895, 83, '2205997181231');
INSERT INTO CLANARINA (IDCL, IZNCL, DATPLCL, CLAN_IDC, CLAN_JMBGC, SEKRETAR_IDZ, SEKRETAR_JMBGZ) VALUES (251, 20, TO_DATE('2025-06-09', 'YYYY-MM-DD'), 21, 2109962712345, 83, '2205997181231');
INSERT INTO CLANARINA (IDCL, IZNCL, DATPLCL, CLAN_IDC, CLAN_JMBGC, SEKRETAR_IDZ, SEKRETAR_JMBGZ) VALUES (252, 20, TO_DATE('2025-06-11', 'YYYY-MM-DD'), 22, 2210001923418, 83, '2205997181231');
INSERT INTO CLANARINA (IDCL, IZNCL, DATPLCL, CLAN_IDC, CLAN_JMBGC, SEKRETAR_IDZ, SEKRETAR_JMBGZ) VALUES (253, 20, TO_DATE('2025-06-12', 'YYYY-MM-DD'), 23, 2311999234567, 83, '2205997181231');
INSERT INTO CLANARINA (IDCL, IZNCL, DATPLCL, CLAN_IDC, CLAN_JMBGC, SEKRETAR_IDZ, SEKRETAR_JMBGZ) VALUES (254, 20, TO_DATE('2025-06-22', 'YYYY-MM-DD'), 24, 2412997789123, 83, '2205997181231');
INSERT INTO CLANARINA (IDCL, IZNCL, DATPLCL, CLAN_IDC, CLAN_JMBGC, SEKRETAR_IDZ, SEKRETAR_JMBGZ) VALUES (255, 20, TO_DATE('2025-06-14', 'YYYY-MM-DD'), 25, 2501005348976, 83, '2205997181231');
INSERT INTO CLANARINA (IDCL, IZNCL, DATPLCL, CLAN_IDC, CLAN_JMBGC, SEKRETAR_IDZ, SEKRETAR_JMBGZ) VALUES (256, 20, TO_DATE('2025-06-27', 'YYYY-MM-DD'), 26, 2602003912340, 83, '2205997181231');
INSERT INTO CLANARINA (IDCL, IZNCL, DATPLCL, CLAN_IDC, CLAN_JMBGC, SEKRETAR_IDZ, SEKRETAR_JMBGZ) VALUES (257, 20, TO_DATE('2025-06-30', 'YYYY-MM-DD'), 27, 2703001234987, 83, '2205997181231');
INSERT INTO CLANARINA (IDCL, IZNCL, DATPLCL, CLAN_IDC, CLAN_JMBGC, SEKRETAR_IDZ, SEKRETAR_JMBGZ) VALUES (258, 20, TO_DATE('2025-06-02', 'YYYY-MM-DD'), 28, 2804009678345, 83, '2205997181231');
INSERT INTO CLANARINA (IDCL, IZNCL, DATPLCL, CLAN_IDC, CLAN_JMBGC, SEKRETAR_IDZ, SEKRETAR_JMBGZ) VALUES (259, 20, TO_DATE('2025-06-16', 'YYYY-MM-DD'), 29, 2905996812374, 83, '2205997181231');
INSERT INTO CLANARINA (IDCL, IZNCL, DATPLCL, CLAN_IDC, CLAN_JMBGC, SEKRETAR_IDZ, SEKRETAR_JMBGZ) VALUES (260, 20, TO_DATE('2025-06-12', 'YYYY-MM-DD'), 30, 3006002834567, 83, '2205997181231');
INSERT INTO CLANARINA (IDCL, IZNCL, DATPLCL, CLAN_IDC, CLAN_JMBGC, SEKRETAR_IDZ, SEKRETAR_JMBGZ) VALUES (261, 20, TO_DATE('2025-06-08', 'YYYY-MM-DD'), 31, 3107003723189, 83, '2205997181231');
INSERT INTO CLANARINA (IDCL, IZNCL, DATPLCL, CLAN_IDC, CLAN_JMBGC, SEKRETAR_IDZ, SEKRETAR_JMBGZ) VALUES (262, 20, TO_DATE('2025-06-19', 'YYYY-MM-DD'), 32, 0108001678910, 83, '2205997181231');
INSERT INTO CLANARINA (IDCL, IZNCL, DATPLCL, CLAN_IDC, CLAN_JMBGC, SEKRETAR_IDZ, SEKRETAR_JMBGZ) VALUES (263, 20, TO_DATE('2025-06-20', 'YYYY-MM-DD'), 33, 0309999567891, 83, '2205997181231');
INSERT INTO CLANARINA (IDCL, IZNCL, DATPLCL, CLAN_IDC, CLAN_JMBGC, SEKRETAR_IDZ, SEKRETAR_JMBGZ) VALUES (264, 20, TO_DATE('2025-06-02', 'YYYY-MM-DD'), 34, 0410007456721, 83, '2205997181231');
INSERT INTO CLANARINA (IDCL, IZNCL, DATPLCL, CLAN_IDC, CLAN_JMBGC, SEKRETAR_IDZ, SEKRETAR_JMBGZ) VALUES (265, 20, TO_DATE('2025-06-18', 'YYYY-MM-DD'), 35, 0511989345789, 83, '2205997181231');
INSERT INTO CLANARINA (IDCL, IZNCL, DATPLCL, CLAN_IDC, CLAN_JMBGC, SEKRETAR_IDZ, SEKRETAR_JMBGZ) VALUES (266, 20, TO_DATE('2025-06-15', 'YYYY-MM-DD'), 36, 0612003289345, 83, '2205997181231');
INSERT INTO CLANARINA (IDCL, IZNCL, DATPLCL, CLAN_IDC, CLAN_JMBGC, SEKRETAR_IDZ, SEKRETAR_JMBGZ) VALUES (267, 20, TO_DATE('2025-06-14', 'YYYY-MM-DD'), 37, 0703998876543, 83, '2205997181231');
INSERT INTO CLANARINA (IDCL, IZNCL, DATPLCL, CLAN_IDC, CLAN_JMBGC, SEKRETAR_IDZ, SEKRETAR_JMBGZ) VALUES (268, 20, TO_DATE('2025-06-15', 'YYYY-MM-DD'), 38, 0804995765432, 83, '2205997181231');
INSERT INTO CLANARINA (IDCL, IZNCL, DATPLCL, CLAN_IDC, CLAN_JMBGC, SEKRETAR_IDZ, SEKRETAR_JMBGZ) VALUES (269, 20, TO_DATE('2025-06-20', 'YYYY-MM-DD'), 39, 0905008654321, 83, '2205997181231');
INSERT INTO CLANARINA (IDCL, IZNCL, DATPLCL, CLAN_IDC, CLAN_JMBGC, SEKRETAR_IDZ, SEKRETAR_JMBGZ) VALUES (270, 20, TO_DATE('2025-06-20', 'YYYY-MM-DD'), 40, 1006006543210, 83, '2205997181231');
INSERT INTO CLANARINA (IDCL, IZNCL, DATPLCL, CLAN_IDC, CLAN_JMBGC, SEKRETAR_IDZ, SEKRETAR_JMBGZ) VALUES (271, 20, TO_DATE('2025-06-21', 'YYYY-MM-DD'), 41, 1107003432109, 83, '2205997181231');
INSERT INTO CLANARINA (IDCL, IZNCL, DATPLCL, CLAN_IDC, CLAN_JMBGC, SEKRETAR_IDZ, SEKRETAR_JMBGZ) VALUES (272, 20, TO_DATE('2025-06-30', 'YYYY-MM-DD'), 42, 1208997321098, 83, '2205997181231');
INSERT INTO CLANARINA (IDCL, IZNCL, DATPLCL, CLAN_IDC, CLAN_JMBGC, SEKRETAR_IDZ, SEKRETAR_JMBGZ) VALUES (273, 20, TO_DATE('2025-06-06', 'YYYY-MM-DD'), 43, 1309009210987, 83, '2205997181231');
INSERT INTO CLANARINA (IDCL, IZNCL, DATPLCL, CLAN_IDC, CLAN_JMBGC, SEKRETAR_IDZ, SEKRETAR_JMBGZ) VALUES (274, 20, TO_DATE('2025-06-06', 'YYYY-MM-DD'), 44, 1410007109876, 83, '2205997181231');
INSERT INTO CLANARINA (IDCL, IZNCL, DATPLCL, CLAN_IDC, CLAN_JMBGC, SEKRETAR_IDZ, SEKRETAR_JMBGZ) VALUES (275, 20, TO_DATE('2025-06-04', 'YYYY-MM-DD'), 45, 1511005098765, 83, '2205997181231');

--POSJEDUJE
INSERT INTO POSJEDUJE (KOREOGRAFIJA_IDK, KUD_IDKUD) VALUES (1, 28);
INSERT INTO POSJEDUJE (KOREOGRAFIJA_IDK, KUD_IDKUD) VALUES (2, 28);
INSERT INTO POSJEDUJE (KOREOGRAFIJA_IDK, KUD_IDKUD) VALUES (3, 28);
INSERT INTO POSJEDUJE (KOREOGRAFIJA_IDK, KUD_IDKUD) VALUES (4, 28);
INSERT INTO POSJEDUJE (KOREOGRAFIJA_IDK, KUD_IDKUD) VALUES (5, 28);
INSERT INTO POSJEDUJE (KOREOGRAFIJA_IDK, KUD_IDKUD) VALUES (6, 28);
INSERT INTO POSJEDUJE (KOREOGRAFIJA_IDK, KUD_IDKUD) VALUES (7, 28);
INSERT INTO POSJEDUJE (KOREOGRAFIJA_IDK, KUD_IDKUD) VALUES (8, 28);
INSERT INTO POSJEDUJE (KOREOGRAFIJA_IDK, KUD_IDKUD) VALUES (9, 28);
INSERT INTO POSJEDUJE (KOREOGRAFIJA_IDK, KUD_IDKUD) VALUES (10, 28);
INSERT INTO POSJEDUJE (KOREOGRAFIJA_IDK, KUD_IDKUD) VALUES (11, 28);
INSERT INTO POSJEDUJE (KOREOGRAFIJA_IDK, KUD_IDKUD) VALUES (12, 28);
INSERT INTO POSJEDUJE (KOREOGRAFIJA_IDK, KUD_IDKUD) VALUES (13, 28);
INSERT INTO POSJEDUJE (KOREOGRAFIJA_IDK, KUD_IDKUD) VALUES (14, 28);
INSERT INTO POSJEDUJE (KOREOGRAFIJA_IDK, KUD_IDKUD) VALUES (15, 28);
INSERT INTO POSJEDUJE (KOREOGRAFIJA_IDK, KUD_IDKUD) VALUES (16, 28);
INSERT INTO POSJEDUJE (KOREOGRAFIJA_IDK, KUD_IDKUD) VALUES (17, 28);
INSERT INTO POSJEDUJE (KOREOGRAFIJA_IDK, KUD_IDKUD) VALUES (18, 28);
INSERT INTO POSJEDUJE (KOREOGRAFIJA_IDK, KUD_IDKUD) VALUES (19, 28);
INSERT INTO POSJEDUJE (KOREOGRAFIJA_IDK, KUD_IDKUD) VALUES (20, 28);
INSERT INTO POSJEDUJE (KOREOGRAFIJA_IDK, KUD_IDKUD) VALUES (1, 17);
INSERT INTO POSJEDUJE (KOREOGRAFIJA_IDK, KUD_IDKUD) VALUES (2, 4);
INSERT INTO POSJEDUJE (KOREOGRAFIJA_IDK, KUD_IDKUD) VALUES (3, 17);
INSERT INTO POSJEDUJE (KOREOGRAFIJA_IDK, KUD_IDKUD) VALUES (4, 32);
INSERT INTO POSJEDUJE (KOREOGRAFIJA_IDK, KUD_IDKUD) VALUES (5, 26);
INSERT INTO POSJEDUJE (KOREOGRAFIJA_IDK, KUD_IDKUD) VALUES (6, 23);
INSERT INTO POSJEDUJE (KOREOGRAFIJA_IDK, KUD_IDKUD) VALUES (8, 35);
INSERT INTO POSJEDUJE (KOREOGRAFIJA_IDK, KUD_IDKUD) VALUES (10, 1);
INSERT INTO POSJEDUJE (KOREOGRAFIJA_IDK, KUD_IDKUD) VALUES (11, 10);
INSERT INTO POSJEDUJE (KOREOGRAFIJA_IDK, KUD_IDKUD) VALUES (12, 11);
INSERT INTO POSJEDUJE (KOREOGRAFIJA_IDK, KUD_IDKUD) VALUES (14, 34);
INSERT INTO POSJEDUJE (KOREOGRAFIJA_IDK, KUD_IDKUD) VALUES (15, 31);
INSERT INTO POSJEDUJE (KOREOGRAFIJA_IDK, KUD_IDKUD) VALUES (16, 31);
INSERT INTO POSJEDUJE (KOREOGRAFIJA_IDK, KUD_IDKUD) VALUES (17, 22);
INSERT INTO POSJEDUJE (KOREOGRAFIJA_IDK, KUD_IDKUD) VALUES (18, 26);
INSERT INTO POSJEDUJE (KOREOGRAFIJA_IDK, KUD_IDKUD) VALUES (19, 30);
INSERT INTO POSJEDUJE (KOREOGRAFIJA_IDK, KUD_IDKUD) VALUES (20, 26);
INSERT INTO POSJEDUJE (KOREOGRAFIJA_IDK, KUD_IDKUD) VALUES (1, 1);
INSERT INTO POSJEDUJE (KOREOGRAFIJA_IDK, KUD_IDKUD) VALUES (2, 29);
INSERT INTO POSJEDUJE (KOREOGRAFIJA_IDK, KUD_IDKUD) VALUES (3, 15);
INSERT INTO POSJEDUJE (KOREOGRAFIJA_IDK, KUD_IDKUD) VALUES (6, 10);
INSERT INTO POSJEDUJE (KOREOGRAFIJA_IDK, KUD_IDKUD) VALUES (7, 33);
INSERT INTO POSJEDUJE (KOREOGRAFIJA_IDK, KUD_IDKUD) VALUES (8, 8);
INSERT INTO POSJEDUJE (KOREOGRAFIJA_IDK, KUD_IDKUD) VALUES (9, 19);
INSERT INTO POSJEDUJE (KOREOGRAFIJA_IDK, KUD_IDKUD) VALUES (10, 4);
INSERT INTO POSJEDUJE (KOREOGRAFIJA_IDK, KUD_IDKUD) VALUES (11, 8);
INSERT INTO POSJEDUJE (KOREOGRAFIJA_IDK, KUD_IDKUD) VALUES (12, 13);
INSERT INTO POSJEDUJE (KOREOGRAFIJA_IDK, KUD_IDKUD) VALUES (13, 27);
INSERT INTO POSJEDUJE (KOREOGRAFIJA_IDK, KUD_IDKUD) VALUES (14, 20);
INSERT INTO POSJEDUJE (KOREOGRAFIJA_IDK, KUD_IDKUD) VALUES (15, 1);
INSERT INTO POSJEDUJE (KOREOGRAFIJA_IDK, KUD_IDKUD) VALUES (17, 21);
INSERT INTO POSJEDUJE (KOREOGRAFIJA_IDK, KUD_IDKUD) VALUES (19, 32);
INSERT INTO POSJEDUJE (KOREOGRAFIJA_IDK, KUD_IDKUD) VALUES (20, 20);

--POZAJMICA
INSERT INTO POZAJMICA (DATP, NOSNJA_IDN, CLAN_IDC, CLAN_JMBGC) VALUES (TO_DATE('2025-07-06', 'YYYY-MM-DD'), 13, 1, '0101990123456');
INSERT INTO POZAJMICA (DATP, NOSNJA_IDN, CLAN_IDC, CLAN_JMBGC) VALUES (TO_DATE('2025-07-06', 'YYYY-MM-DD'), 14, 3, '0303975342176');
INSERT INTO POZAJMICA (DATP, NOSNJA_IDN, CLAN_IDC, CLAN_JMBGC) VALUES (TO_DATE('2025-07-06', 'YYYY-MM-DD'), 15, 5, '0505993623418');
INSERT INTO POZAJMICA (DATP, NOSNJA_IDN, CLAN_IDC, CLAN_JMBGC) VALUES (TO_DATE('2025-07-06', 'YYYY-MM-DD'), 16, 7, '0707989548723');
INSERT INTO POZAJMICA (DATP, NOSNJA_IDN, CLAN_IDC, CLAN_JMBGC) VALUES (TO_DATE('2025-07-06', 'YYYY-MM-DD'), 17, 9, '0909990384795');
INSERT INTO POZAJMICA (DATP, NOSNJA_IDN, CLAN_IDC, CLAN_JMBGC) VALUES (TO_DATE('2025-07-06', 'YYYY-MM-DD'), 18, 11, '1111987872341');
INSERT INTO POZAJMICA (DATP, NOSNJA_IDN, CLAN_IDC, CLAN_JMBGC) VALUES (TO_DATE('2025-07-06', 'YYYY-MM-DD'), 25, 2, '0202980789456');
INSERT INTO POZAJMICA (DATP, NOSNJA_IDN, CLAN_IDC, CLAN_JMBGC) VALUES (TO_DATE('2025-07-06', 'YYYY-MM-DD'), 26, 4, '0404995891347');
INSERT INTO POZAJMICA (DATP, NOSNJA_IDN, CLAN_IDC, CLAN_JMBGC) VALUES (TO_DATE('2025-07-06', 'YYYY-MM-DD'), 27, 6, '0606991359871');
INSERT INTO POZAJMICA (DATP, NOSNJA_IDN, CLAN_IDC, CLAN_JMBGC) VALUES (TO_DATE('2025-07-06', 'YYYY-MM-DD'), 28, 8, '0808992239812');
INSERT INTO POZAJMICA (DATP, NOSNJA_IDN, CLAN_IDC, CLAN_JMBGC) VALUES (TO_DATE('2025-07-06', 'YYYY-MM-DD'), 29, 9, '1010993234578');
INSERT INTO POZAJMICA (DATP, NOSNJA_IDN, CLAN_IDC, CLAN_JMBGC) VALUES (TO_DATE('2025-07-06', 'YYYY-MM-DD'), 30, 12, '1212979723418');
